철도_id,출발시간,도착시간,출발정류장,도착정류장
1,05:29:00,05:32:00,장기,운양
1,05:32:00,05:36:00,운양,걸포북변
1,05:36:00,05:39:00,걸포북변,사우
1,05:39:00,05:41:00,사우,풍무
1,05:41:00,05:46:00,풍무,고촌
1,05:46:00,05:53:00,고촌,김포공항
2,05:26:00,05:28:00,양촌,구래
2,05:28:00,05:31:00,구래,마산
2,05:31:00,05:35:00,마산,장기
2,05:35:00,05:38:00,장기,운양
2,05:38:00,05:42:00,운양,걸포북변
2,05:42:00,05:45:00,걸포북변,사우
2,05:45:00,05:47:00,사우,풍무
2,05:47:00,05:52:00,풍무,고촌
2,05:52:00,05:59:00,고촌,김포공항
3,05:37:00,05:40:00,양촌,구래
3,05:40:00,05:43:00,구래,마산
3,05:43:00,05:47:00,마산,장기
3,05:47:00,05:49:00,장기,운양
3,05:49:00,05:54:00,운양,걸포북변
3,05:54:00,05:56:00,걸포북변,사우
3,05:56:00,05:59:00,사우,풍무
3,05:59:00,06:03:00,풍무,고촌
3,06:03:00,06:10:00,고촌,김포공항
4,05:45:00,05:48:00,양촌,구래
4,05:48:00,05:51:00,구래,마산
4,05:51:00,05:55:00,마산,장기
4,05:55:00,05:57:00,장기,운양
4,05:57:00,06:02:00,운양,걸포북변
4,06:02:00,06:04:00,걸포북변,사우
4,06:04:00,06:07:00,사우,풍무
4,06:07:00,06:11:00,풍무,고촌
4,06:11:00,06:18:00,고촌,김포공항
5,05:53:00,05:56:00,양촌,구래
5,05:56:00,05:59:00,구래,마산
5,05:59:00,06:03:00,마산,장기
5,06:03:00,06:05:00,장기,운양
5,06:05:00,06:10:00,운양,걸포북변
5,06:10:00,06:12:00,걸포북변,사우
5,06:12:00,06:15:00,사우,풍무
5,06:15:00,06:19:00,풍무,고촌
5,06:19:00,06:26:00,고촌,김포공항
6,06:01:00,06:04:00,양촌,구래
6,06:04:00,06:07:00,구래,마산
6,06:07:00,06:11:00,마산,장기
6,06:11:00,06:13:00,장기,운양
6,06:13:00,06:18:00,운양,걸포북변
6,06:18:00,06:20:00,걸포북변,사우
6,06:20:00,06:23:00,사우,풍무
6,06:23:00,06:27:00,풍무,고촌
6,06:27:00,06:34:00,고촌,김포공항
7,06:09:00,06:12:00,양촌,구래
7,06:12:00,06:15:00,구래,마산
7,06:15:00,06:19:00,마산,장기
7,06:19:00,06:21:00,장기,운양
7,06:21:00,06:26:00,운양,걸포북변
7,06:26:00,06:28:00,걸포북변,사우
7,06:28:00,06:31:00,사우,풍무
7,06:31:00,06:35:00,풍무,고촌
7,06:35:00,06:42:00,고촌,김포공항
8,06:14:00,06:17:00,양촌,구래
8,06:17:00,06:20:00,구래,마산
8,06:20:00,06:24:00,마산,장기
8,06:24:00,06:26:00,장기,운양
8,06:26:00,06:31:00,운양,걸포북변
8,06:31:00,06:33:00,걸포북변,사우
8,06:33:00,06:36:00,사우,풍무
8,06:36:00,06:40:00,풍무,고촌
8,06:40:00,06:47:00,고촌,김포공항
9,06:19:00,06:22:00,양촌,구래
9,06:22:00,06:25:00,구래,마산
9,06:25:00,06:29:00,마산,장기
9,06:29:00,06:31:00,장기,운양
9,06:31:00,06:36:00,운양,걸포북변
9,06:36:00,06:38:00,걸포북변,사우
9,06:38:00,06:41:00,사우,풍무
9,06:41:00,06:45:00,풍무,고촌
9,06:45:00,06:52:00,고촌,김포공항
10,06:23:00,06:26:00,양촌,구래
10,06:26:00,06:29:00,구래,마산
10,06:29:00,06:33:00,마산,장기
10,06:33:00,06:35:00,장기,운양
10,06:35:00,06:40:00,운양,걸포북변
10,06:40:00,06:42:00,걸포북변,사우
10,06:42:00,06:45:00,사우,풍무
10,06:45:00,06:49:00,풍무,고촌
10,06:49:00,06:56:00,고촌,김포공항
11,06:27:00,06:30:00,양촌,구래
11,06:30:00,06:33:00,구래,마산
11,06:33:00,06:37:00,마산,장기
11,06:37:00,06:39:00,장기,운양
11,06:39:00,06:44:00,운양,걸포북변
11,06:44:00,06:46:00,걸포북변,사우
11,06:46:00,06:49:00,사우,풍무
11,06:49:00,06:53:00,풍무,고촌
11,06:53:00,07:00:00,고촌,김포공항
12,06:30:00,06:33:00,양촌,구래
12,06:33:00,06:36:00,구래,마산
12,06:36:00,06:40:00,마산,장기
12,06:40:00,06:43:00,장기,운양
12,06:43:00,06:47:00,운양,걸포북변
12,06:47:00,06:49:00,걸포북변,사우
12,06:49:00,06:52:00,사우,풍무
12,06:52:00,06:56:00,풍무,고촌
12,06:56:00,07:03:00,고촌,김포공항
13,06:33:00,06:36:00,양촌,구래
13,06:36:00,06:39:00,구래,마산
13,06:39:00,06:43:00,마산,장기
13,06:43:00,06:46:00,장기,운양
13,06:46:00,06:50:00,운양,걸포북변
13,06:50:00,06:53:00,걸포북변,사우
13,06:53:00,06:55:00,사우,풍무
13,06:55:00,07:00:00,풍무,고촌
13,07:00:00,07:07:00,고촌,김포공항
14,06:36:00,06:39:00,양촌,구래
14,06:39:00,06:42:00,구래,마산
14,06:42:00,06:46:00,마산,장기
14,06:46:00,06:49:00,장기,운양
14,06:49:00,06:53:00,운양,걸포북변
14,06:53:00,06:56:00,걸포북변,사우
14,06:56:00,06:58:00,사우,풍무
14,06:58:00,07:03:00,풍무,고촌
14,07:03:00,07:10:00,고촌,김포공항
15,06:39:00,06:42:00,양촌,구래
15,06:42:00,06:45:00,구래,마산
15,06:45:00,06:49:00,마산,장기
15,06:49:00,06:52:00,장기,운양
15,06:52:00,06:56:00,운양,걸포북변
15,06:56:00,06:59:00,걸포북변,사우
15,06:59:00,07:01:00,사우,풍무
15,07:01:00,07:06:00,풍무,고촌
15,07:06:00,07:13:00,고촌,김포공항
16,06:43:00,06:45:00,양촌,구래
16,06:45:00,06:49:00,구래,마산
16,06:49:00,06:52:00,마산,장기
16,06:52:00,06:55:00,장기,운양
16,06:55:00,06:59:00,운양,걸포북변
16,06:59:00,07:02:00,걸포북변,사우
16,07:02:00,07:04:00,사우,풍무
16,07:04:00,07:09:00,풍무,고촌
16,07:09:00,07:16:00,고촌,김포공항
17,06:46:00,06:48:00,양촌,구래
17,06:48:00,06:52:00,구래,마산
17,06:52:00,06:56:00,마산,장기
17,06:56:00,06:58:00,장기,운양
17,06:58:00,07:02:00,운양,걸포북변
17,07:02:00,07:05:00,걸포북변,사우
17,07:05:00,07:07:00,사우,풍무
17,07:07:00,07:12:00,풍무,고촌
17,07:12:00,07:19:00,고촌,김포공항
18,06:49:00,06:52:00,양촌,구래
18,06:52:00,06:55:00,구래,마산
18,06:55:00,06:59:00,마산,장기
18,06:59:00,07:01:00,장기,운양
18,07:01:00,07:05:00,운양,걸포북변
18,07:05:00,07:08:00,걸포북변,사우
18,07:08:00,07:11:00,사우,풍무
18,07:11:00,07:15:00,풍무,고촌
18,07:15:00,07:22:00,고촌,김포공항
19,06:52:00,06:55:00,양촌,구래
19,06:55:00,06:58:00,구래,마산
19,06:58:00,07:02:00,마산,장기
19,07:02:00,07:04:00,장기,운양
19,07:04:00,07:09:00,운양,걸포북변
19,07:09:00,07:11:00,걸포북변,사우
19,07:11:00,07:14:00,사우,풍무
19,07:14:00,07:18:00,풍무,고촌
19,07:18:00,07:25:00,고촌,김포공항
20,06:55:00,06:58:00,양촌,구래
20,06:58:00,07:01:00,구래,마산
20,07:01:00,07:05:00,마산,장기
20,07:05:00,07:07:00,장기,운양
20,07:07:00,07:12:00,운양,걸포북변
20,07:12:00,07:14:00,걸포북변,사우
20,07:14:00,07:17:00,사우,풍무
20,07:17:00,07:21:00,풍무,고촌
20,07:21:00,07:28:00,고촌,김포공항
21,06:58:00,07:01:00,양촌,구래
21,07:01:00,07:04:00,구래,마산
21,07:04:00,07:08:00,마산,장기
21,07:08:00,07:11:00,장기,운양
21,07:11:00,07:15:00,운양,걸포북변
21,07:15:00,07:18:00,걸포북변,사우
21,07:18:00,07:20:00,사우,풍무
21,07:20:00,07:24:00,풍무,고촌
21,07:24:00,07:31:00,고촌,김포공항
22,07:01:00,07:04:00,양촌,구래
22,07:04:00,07:07:00,구래,마산
22,07:07:00,07:11:00,마산,장기
22,07:11:00,07:14:00,장기,운양
22,07:14:00,07:18:00,운양,걸포북변
22,07:18:00,07:21:00,걸포북변,사우
22,07:21:00,07:23:00,사우,풍무
22,07:23:00,07:28:00,풍무,고촌
22,07:28:00,07:35:00,고촌,김포공항
23,07:04:00,07:07:00,양촌,구래
23,07:07:00,07:10:00,구래,마산
23,07:10:00,07:14:00,마산,장기
23,07:14:00,07:17:00,장기,운양
23,07:17:00,07:21:00,운양,걸포북변
23,07:21:00,07:24:00,걸포북변,사우
23,07:24:00,07:26:00,사우,풍무
23,07:26:00,07:31:00,풍무,고촌
23,07:31:00,07:38:00,고촌,김포공항
24,07:08:00,07:10:00,양촌,구래
24,07:10:00,07:13:00,구래,마산
24,07:13:00,07:17:00,마산,장기
24,07:17:00,07:20:00,장기,운양
24,07:20:00,07:24:00,운양,걸포북변
24,07:24:00,07:27:00,걸포북변,사우
24,07:27:00,07:29:00,사우,풍무
24,07:29:00,07:34:00,풍무,고촌
24,07:34:00,07:41:00,고촌,김포공항
25,07:10:00,07:13:00,양촌,구래
25,07:13:00,07:17:00,구래,마산
25,07:17:00,07:20:00,마산,장기
25,07:20:00,07:23:00,장기,운양
25,07:23:00,07:27:00,운양,걸포북변
25,07:27:00,07:30:00,걸포북변,사우
25,07:30:00,07:32:00,사우,풍무
25,07:32:00,07:37:00,풍무,고촌
25,07:37:00,07:44:00,고촌,김포공항
26,07:14:00,07:16:00,양촌,구래
26,07:16:00,07:20:00,구래,마산
26,07:20:00,07:24:00,마산,장기
26,07:24:00,07:26:00,장기,운양
26,07:26:00,07:30:00,운양,걸포북변
26,07:30:00,07:33:00,걸포북변,사우
26,07:33:00,07:35:00,사우,풍무
26,07:35:00,07:40:00,풍무,고촌
26,07:40:00,07:47:00,고촌,김포공항
27,07:17:00,07:20:00,양촌,구래
27,07:20:00,07:23:00,구래,마산
27,07:23:00,07:27:00,마산,장기
27,07:27:00,07:29:00,장기,운양
27,07:29:00,07:33:00,운양,걸포북변
27,07:33:00,07:36:00,걸포북변,사우
27,07:36:00,07:39:00,사우,풍무
27,07:39:00,07:43:00,풍무,고촌
27,07:43:00,07:50:00,고촌,김포공항
28,07:20:00,07:23:00,양촌,구래
28,07:23:00,07:26:00,구래,마산
28,07:26:00,07:30:00,마산,장기
28,07:30:00,07:32:00,장기,운양
28,07:32:00,07:37:00,운양,걸포북변
28,07:37:00,07:39:00,걸포북변,사우
28,07:39:00,07:42:00,사우,풍무
28,07:42:00,07:46:00,풍무,고촌
28,07:46:00,07:53:00,고촌,김포공항
29,07:23:00,07:26:00,양촌,구래
29,07:26:00,07:29:00,구래,마산
29,07:29:00,07:33:00,마산,장기
29,07:33:00,07:35:00,장기,운양
29,07:35:00,07:40:00,운양,걸포북변
29,07:40:00,07:42:00,걸포북변,사우
29,07:42:00,07:45:00,사우,풍무
29,07:45:00,07:49:00,풍무,고촌
29,07:49:00,07:56:00,고촌,김포공항
30,07:26:00,07:29:00,양촌,구래
30,07:29:00,07:32:00,구래,마산
30,07:32:00,07:36:00,마산,장기
30,07:36:00,07:39:00,장기,운양
30,07:39:00,07:43:00,운양,걸포북변
30,07:43:00,07:46:00,걸포북변,사우
30,07:46:00,07:48:00,사우,풍무
30,07:48:00,07:53:00,풍무,고촌
30,07:53:00,08:00:00,고촌,김포공항
31,07:29:00,07:32:00,양촌,구래
31,07:32:00,07:35:00,구래,마산
31,07:35:00,07:39:00,마산,장기
31,07:39:00,07:42:00,장기,운양
31,07:42:00,07:46:00,운양,걸포북변
31,07:46:00,07:49:00,걸포북변,사우
31,07:49:00,07:51:00,사우,풍무
31,07:51:00,07:56:00,풍무,고촌
31,07:56:00,08:03:00,고촌,김포공항
32,07:32:00,07:35:00,양촌,구래
32,07:35:00,07:38:00,구래,마산
32,07:38:00,07:42:00,마산,장기
32,07:42:00,07:45:00,장기,운양
32,07:45:00,07:49:00,운양,걸포북변
32,07:49:00,07:52:00,걸포북변,사우
32,07:52:00,07:54:00,사우,풍무
32,07:54:00,07:59:00,풍무,고촌
32,07:59:00,08:06:00,고촌,김포공항
33,07:35:00,07:38:00,양촌,구래
33,07:38:00,07:42:00,구래,마산
33,07:42:00,07:45:00,마산,장기
33,07:45:00,07:48:00,장기,운양
33,07:48:00,07:52:00,운양,걸포북변
33,07:52:00,07:55:00,걸포북변,사우
33,07:55:00,07:57:00,사우,풍무
33,07:57:00,08:02:00,풍무,고촌
33,08:02:00,08:09:00,고촌,김포공항
34,07:38:00,07:41:00,양촌,구래
34,07:41:00,07:45:00,구래,마산
34,07:45:00,07:49:00,마산,장기
34,07:49:00,07:51:00,장기,운양
34,07:51:00,07:55:00,운양,걸포북변
34,07:55:00,07:58:00,걸포북변,사우
34,07:58:00,08:00:00,사우,풍무
34,08:00:00,08:05:00,풍무,고촌
34,08:05:00,08:12:00,고촌,김포공항
35,07:42:00,07:45:00,양촌,구래
35,07:45:00,07:48:00,구래,마산
35,07:48:00,07:52:00,마산,장기
35,07:52:00,07:54:00,장기,운양
35,07:54:00,07:58:00,운양,걸포북변
35,07:58:00,08:01:00,걸포북변,사우
35,08:01:00,08:04:00,사우,풍무
35,08:04:00,08:08:00,풍무,고촌
35,08:08:00,08:15:00,고촌,김포공항
36,07:45:00,07:48:00,양촌,구래
36,07:48:00,07:51:00,구래,마산
36,07:51:00,07:55:00,마산,장기
36,07:55:00,07:57:00,장기,운양
36,07:57:00,08:01:00,운양,걸포북변
36,08:01:00,08:04:00,걸포북변,사우
36,08:04:00,08:07:00,사우,풍무
36,08:07:00,08:11:00,풍무,고촌
36,08:11:00,08:18:00,고촌,김포공항
37,07:48:00,07:51:00,양촌,구래
37,07:51:00,07:54:00,구래,마산
37,07:54:00,07:58:00,마산,장기
37,07:58:00,08:00:00,장기,운양
37,08:00:00,08:05:00,운양,걸포북변
37,08:05:00,08:07:00,걸포북변,사우
37,08:07:00,08:10:00,사우,풍무
37,08:10:00,08:14:00,풍무,고촌
37,08:14:00,08:21:00,고촌,김포공항
38,07:51:00,07:54:00,양촌,구래
38,07:54:00,07:57:00,구래,마산
38,07:57:00,08:01:00,마산,장기
38,08:01:00,08:04:00,장기,운양
38,08:04:00,08:08:00,운양,걸포북변
38,08:08:00,08:10:00,걸포북변,사우
38,08:10:00,08:13:00,사우,풍무
38,08:13:00,08:17:00,풍무,고촌
38,08:17:00,08:24:00,고촌,김포공항
39,07:54:00,07:57:00,양촌,구래
39,07:57:00,08:00:00,구래,마산
39,08:00:00,08:04:00,마산,장기
39,08:04:00,08:07:00,장기,운양
39,08:07:00,08:11:00,운양,걸포북변
39,08:11:00,08:14:00,걸포북변,사우
39,08:14:00,08:16:00,사우,풍무
39,08:16:00,08:21:00,풍무,고촌
39,08:21:00,08:28:00,고촌,김포공항
40,07:57:00,08:00:00,양촌,구래
40,08:00:00,08:03:00,구래,마산
40,08:03:00,08:07:00,마산,장기
40,08:07:00,08:10:00,장기,운양
40,08:10:00,08:14:00,운양,걸포북변
40,08:14:00,08:17:00,걸포북변,사우
40,08:17:00,08:19:00,사우,풍무
40,08:19:00,08:24:00,풍무,고촌
40,08:24:00,08:31:00,고촌,김포공항
41,08:00:00,08:03:00,양촌,구래
41,08:03:00,08:06:00,구래,마산
41,08:06:00,08:10:00,마산,장기
41,08:10:00,08:13:00,장기,운양
41,08:13:00,08:17:00,운양,걸포북변
41,08:17:00,08:20:00,걸포북변,사우
41,08:20:00,08:22:00,사우,풍무
41,08:22:00,08:27:00,풍무,고촌
41,08:27:00,08:34:00,고촌,김포공항
42,08:03:00,08:06:00,양촌,구래
42,08:06:00,08:10:00,구래,마산
42,08:10:00,08:13:00,마산,장기
42,08:13:00,08:16:00,장기,운양
42,08:16:00,08:20:00,운양,걸포북변
42,08:20:00,08:23:00,걸포북변,사우
42,08:23:00,08:25:00,사우,풍무
42,08:25:00,08:30:00,풍무,고촌
42,08:30:00,08:37:00,고촌,김포공항
43,08:06:00,08:09:00,양촌,구래
43,08:09:00,08:13:00,구래,마산
43,08:13:00,08:17:00,마산,장기
43,08:17:00,08:19:00,장기,운양
43,08:19:00,08:23:00,운양,걸포북변
43,08:23:00,08:26:00,걸포북변,사우
43,08:26:00,08:28:00,사우,풍무
43,08:28:00,08:33:00,풍무,고촌
43,08:33:00,08:40:00,고촌,김포공항
44,08:10:00,08:13:00,양촌,구래
44,08:13:00,08:16:00,구래,마산
44,08:16:00,08:20:00,마산,장기
44,08:20:00,08:22:00,장기,운양
44,08:22:00,08:26:00,운양,걸포북변
44,08:26:00,08:29:00,걸포북변,사우
44,08:29:00,08:32:00,사우,풍무
44,08:32:00,08:36:00,풍무,고촌
44,08:36:00,08:43:00,고촌,김포공항
45,08:13:00,08:16:00,양촌,구래
45,08:16:00,08:19:00,구래,마산
45,08:19:00,08:23:00,마산,장기
45,08:23:00,08:25:00,장기,운양
45,08:25:00,08:30:00,운양,걸포북변
45,08:30:00,08:32:00,걸포북변,사우
45,08:32:00,08:35:00,사우,풍무
45,08:35:00,08:39:00,풍무,고촌
45,08:39:00,08:46:00,고촌,김포공항
46,08:16:00,08:19:00,양촌,구래
46,08:19:00,08:22:00,구래,마산
46,08:22:00,08:26:00,마산,장기
46,08:26:00,08:28:00,장기,운양
46,08:28:00,08:33:00,운양,걸포북변
46,08:33:00,08:35:00,걸포북변,사우
46,08:35:00,08:38:00,사우,풍무
46,08:38:00,08:42:00,풍무,고촌
46,08:42:00,08:49:00,고촌,김포공항
47,08:19:00,08:22:00,양촌,구래
47,08:22:00,08:25:00,구래,마산
47,08:25:00,08:29:00,마산,장기
47,08:29:00,08:32:00,장기,운양
47,08:32:00,08:36:00,운양,걸포북변
47,08:36:00,08:39:00,걸포북변,사우
47,08:39:00,08:41:00,사우,풍무
47,08:41:00,08:45:00,풍무,고촌
47,08:45:00,08:52:00,고촌,김포공항
48,08:23:00,08:26:00,양촌,구래
48,08:26:00,08:29:00,구래,마산
48,08:29:00,08:33:00,마산,장기
48,08:33:00,08:35:00,장기,운양
48,08:35:00,08:40:00,운양,걸포북변
48,08:40:00,08:42:00,걸포북변,사우
48,08:42:00,08:45:00,사우,풍무
48,08:45:00,08:49:00,풍무,고촌
48,08:49:00,08:56:00,고촌,김포공항
49,08:28:00,08:31:00,양촌,구래
49,08:31:00,08:34:00,구래,마산
49,08:34:00,08:38:00,마산,장기
49,08:38:00,08:40:00,장기,운양
49,08:40:00,08:45:00,운양,걸포북변
49,08:45:00,08:47:00,걸포북변,사우
49,08:47:00,08:50:00,사우,풍무
49,08:50:00,08:54:00,풍무,고촌
49,08:54:00,09:01:00,고촌,김포공항
50,08:33:00,08:36:00,양촌,구래
50,08:36:00,08:39:00,구래,마산
50,08:39:00,08:43:00,마산,장기
50,08:43:00,08:45:00,장기,운양
50,08:45:00,08:50:00,운양,걸포북변
50,08:50:00,08:52:00,걸포북변,사우
50,08:52:00,08:55:00,사우,풍무
50,08:55:00,08:59:00,풍무,고촌
50,08:59:00,09:06:00,고촌,김포공항
51,08:38:00,08:41:00,양촌,구래
51,08:41:00,08:44:00,구래,마산
51,08:44:00,08:48:00,마산,장기
51,08:48:00,08:50:00,장기,운양
51,08:50:00,08:55:00,운양,걸포북변
51,08:55:00,08:57:00,걸포북변,사우
51,08:57:00,09:00:00,사우,풍무
51,09:00:00,09:04:00,풍무,고촌
51,09:04:00,09:11:00,고촌,김포공항
52,08:43:00,08:46:00,양촌,구래
52,08:46:00,08:49:00,구래,마산
52,08:49:00,08:53:00,마산,장기
52,08:53:00,08:55:00,장기,운양
52,08:55:00,09:00:00,운양,걸포북변
52,09:00:00,09:02:00,걸포북변,사우
52,09:02:00,09:05:00,사우,풍무
52,09:05:00,09:09:00,풍무,고촌
52,09:09:00,09:16:00,고촌,김포공항
53,08:48:00,08:51:00,양촌,구래
53,08:51:00,08:54:00,구래,마산
53,08:54:00,08:58:00,마산,장기
53,08:58:00,09:00:00,장기,운양
53,09:00:00,09:05:00,운양,걸포북변
53,09:05:00,09:07:00,걸포북변,사우
53,09:07:00,09:10:00,사우,풍무
53,09:10:00,09:14:00,풍무,고촌
53,09:14:00,09:21:00,고촌,김포공항
54,08:54:00,08:57:00,양촌,구래
54,08:57:00,09:00:00,구래,마산
54,09:00:00,09:04:00,마산,장기
54,09:04:00,09:06:00,장기,운양
54,09:06:00,09:11:00,운양,걸포북변
54,09:11:00,09:13:00,걸포북변,사우
54,09:13:00,09:16:00,사우,풍무
54,09:16:00,09:20:00,풍무,고촌
54,09:20:00,09:27:00,고촌,김포공항
55,09:00:00,09:03:00,양촌,구래
55,09:03:00,09:06:00,구래,마산
55,09:06:00,09:10:00,마산,장기
55,09:10:00,09:12:00,장기,운양
55,09:12:00,09:17:00,운양,걸포북변
55,09:17:00,09:19:00,걸포북변,사우
55,09:19:00,09:22:00,사우,풍무
55,09:22:00,09:26:00,풍무,고촌
55,09:26:00,09:33:00,고촌,김포공항
56,09:06:00,09:09:00,양촌,구래
56,09:09:00,09:12:00,구래,마산
56,09:12:00,09:16:00,마산,장기
56,09:16:00,09:18:00,장기,운양
56,09:18:00,09:23:00,운양,걸포북변
56,09:23:00,09:25:00,걸포북변,사우
56,09:25:00,09:28:00,사우,풍무
56,09:28:00,09:32:00,풍무,고촌
56,09:32:00,09:39:00,고촌,김포공항
57,09:12:00,09:15:00,양촌,구래
57,09:15:00,09:18:00,구래,마산
57,09:18:00,09:22:00,마산,장기
57,09:22:00,09:24:00,장기,운양
57,09:24:00,09:29:00,운양,걸포북변
57,09:29:00,09:31:00,걸포북변,사우
57,09:31:00,09:34:00,사우,풍무
57,09:34:00,09:38:00,풍무,고촌
57,09:38:00,09:45:00,고촌,김포공항
58,09:18:00,09:21:00,양촌,구래
58,09:21:00,09:24:00,구래,마산
58,09:24:00,09:28:00,마산,장기
58,09:28:00,09:30:00,장기,운양
58,09:30:00,09:35:00,운양,걸포북변
58,09:35:00,09:37:00,걸포북변,사우
58,09:37:00,09:40:00,사우,풍무
58,09:40:00,09:44:00,풍무,고촌
58,09:44:00,09:51:00,고촌,김포공항
59,09:24:00,09:27:00,양촌,구래
59,09:27:00,09:30:00,구래,마산
59,09:30:00,09:34:00,마산,장기
59,09:34:00,09:36:00,장기,운양
59,09:36:00,09:41:00,운양,걸포북변
59,09:41:00,09:43:00,걸포북변,사우
59,09:43:00,09:46:00,사우,풍무
59,09:46:00,09:50:00,풍무,고촌
59,09:50:00,09:57:00,고촌,김포공항
60,09:30:00,09:33:00,양촌,구래
60,09:33:00,09:36:00,구래,마산
60,09:36:00,09:40:00,마산,장기
60,09:40:00,09:42:00,장기,운양
60,09:42:00,09:47:00,운양,걸포북변
60,09:47:00,09:49:00,걸포북변,사우
60,09:49:00,09:52:00,사우,풍무
60,09:52:00,09:56:00,풍무,고촌
60,09:56:00,10:03:00,고촌,김포공항
61,09:36:00,09:39:00,양촌,구래
61,09:39:00,09:42:00,구래,마산
61,09:42:00,09:46:00,마산,장기
61,09:46:00,09:48:00,장기,운양
61,09:48:00,09:53:00,운양,걸포북변
61,09:53:00,09:55:00,걸포북변,사우
61,09:55:00,09:58:00,사우,풍무
61,09:58:00,10:02:00,풍무,고촌
61,10:02:00,10:09:00,고촌,김포공항
62,09:42:00,09:45:00,양촌,구래
62,09:45:00,09:48:00,구래,마산
62,09:48:00,09:52:00,마산,장기
62,09:52:00,09:54:00,장기,운양
62,09:54:00,09:59:00,운양,걸포북변
62,09:59:00,10:01:00,걸포북변,사우
62,10:01:00,10:04:00,사우,풍무
62,10:04:00,10:08:00,풍무,고촌
62,10:08:00,10:15:00,고촌,김포공항
63,09:48:00,09:51:00,양촌,구래
63,09:51:00,09:54:00,구래,마산
63,09:54:00,09:58:00,마산,장기
63,09:58:00,10:00:00,장기,운양
63,10:00:00,10:05:00,운양,걸포북변
63,10:05:00,10:07:00,걸포북변,사우
63,10:07:00,10:10:00,사우,풍무
63,10:10:00,10:14:00,풍무,고촌
63,10:14:00,10:21:00,고촌,김포공항
64,09:54:00,09:57:00,양촌,구래
64,09:57:00,10:00:00,구래,마산
64,10:00:00,10:04:00,마산,장기
64,10:04:00,10:06:00,장기,운양
64,10:06:00,10:11:00,운양,걸포북변
64,10:11:00,10:13:00,걸포북변,사우
64,10:13:00,10:16:00,사우,풍무
64,10:16:00,10:20:00,풍무,고촌
64,10:20:00,10:27:00,고촌,김포공항
65,10:00:00,10:03:00,양촌,구래
65,10:03:00,10:06:00,구래,마산
65,10:06:00,10:10:00,마산,장기
65,10:10:00,10:12:00,장기,운양
65,10:12:00,10:17:00,운양,걸포북변
65,10:17:00,10:19:00,걸포북변,사우
65,10:19:00,10:22:00,사우,풍무
65,10:22:00,10:26:00,풍무,고촌
65,10:26:00,10:33:00,고촌,김포공항
66,10:06:00,10:09:00,양촌,구래
66,10:09:00,10:12:00,구래,마산
66,10:12:00,10:16:00,마산,장기
66,10:16:00,10:18:00,장기,운양
66,10:18:00,10:23:00,운양,걸포북변
66,10:23:00,10:25:00,걸포북변,사우
66,10:25:00,10:28:00,사우,풍무
66,10:28:00,10:32:00,풍무,고촌
66,10:32:00,10:39:00,고촌,김포공항
67,10:12:00,10:15:00,양촌,구래
67,10:15:00,10:18:00,구래,마산
67,10:18:00,10:22:00,마산,장기
67,10:22:00,10:24:00,장기,운양
67,10:24:00,10:29:00,운양,걸포북변
67,10:29:00,10:31:00,걸포북변,사우
67,10:31:00,10:34:00,사우,풍무
67,10:34:00,10:38:00,풍무,고촌
67,10:38:00,10:45:00,고촌,김포공항
68,10:18:00,10:21:00,양촌,구래
68,10:21:00,10:24:00,구래,마산
68,10:24:00,10:28:00,마산,장기
68,10:28:00,10:30:00,장기,운양
68,10:30:00,10:35:00,운양,걸포북변
68,10:35:00,10:37:00,걸포북변,사우
68,10:37:00,10:40:00,사우,풍무
68,10:40:00,10:44:00,풍무,고촌
68,10:44:00,10:51:00,고촌,김포공항
69,10:24:00,10:27:00,양촌,구래
69,10:27:00,10:30:00,구래,마산
69,10:30:00,10:34:00,마산,장기
69,10:34:00,10:36:00,장기,운양
69,10:36:00,10:41:00,운양,걸포북변
69,10:41:00,10:43:00,걸포북변,사우
69,10:43:00,10:46:00,사우,풍무
69,10:46:00,10:50:00,풍무,고촌
69,10:50:00,10:57:00,고촌,김포공항
70,10:30:00,10:33:00,양촌,구래
70,10:33:00,10:36:00,구래,마산
70,10:36:00,10:40:00,마산,장기
70,10:40:00,10:42:00,장기,운양
70,10:42:00,10:47:00,운양,걸포북변
70,10:47:00,10:49:00,걸포북변,사우
70,10:49:00,10:52:00,사우,풍무
70,10:52:00,10:56:00,풍무,고촌
70,10:56:00,11:03:00,고촌,김포공항
71,10:36:00,10:39:00,양촌,구래
71,10:39:00,10:42:00,구래,마산
71,10:42:00,10:46:00,마산,장기
71,10:46:00,10:48:00,장기,운양
71,10:48:00,10:53:00,운양,걸포북변
71,10:53:00,10:55:00,걸포북변,사우
71,10:55:00,10:58:00,사우,풍무
71,10:58:00,11:02:00,풍무,고촌
71,11:02:00,11:09:00,고촌,김포공항
72,10:42:00,10:45:00,양촌,구래
72,10:45:00,10:48:00,구래,마산
72,10:48:00,10:52:00,마산,장기
72,10:52:00,10:54:00,장기,운양
72,10:54:00,10:59:00,운양,걸포북변
72,10:59:00,11:01:00,걸포북변,사우
72,11:01:00,11:04:00,사우,풍무
72,11:04:00,11:08:00,풍무,고촌
72,11:08:00,11:15:00,고촌,김포공항
73,10:48:00,10:51:00,양촌,구래
73,10:51:00,10:54:00,구래,마산
73,10:54:00,10:58:00,마산,장기
73,10:58:00,11:00:00,장기,운양
73,11:00:00,11:05:00,운양,걸포북변
73,11:05:00,11:07:00,걸포북변,사우
73,11:07:00,11:10:00,사우,풍무
73,11:10:00,11:14:00,풍무,고촌
73,11:14:00,11:21:00,고촌,김포공항
74,10:54:00,10:57:00,양촌,구래
74,10:57:00,11:00:00,구래,마산
74,11:00:00,11:04:00,마산,장기
74,11:04:00,11:06:00,장기,운양
74,11:06:00,11:11:00,운양,걸포북변
74,11:11:00,11:13:00,걸포북변,사우
74,11:13:00,11:16:00,사우,풍무
74,11:16:00,11:20:00,풍무,고촌
74,11:20:00,11:27:00,고촌,김포공항
75,11:00:00,11:03:00,양촌,구래
75,11:03:00,11:06:00,구래,마산
75,11:06:00,11:10:00,마산,장기
75,11:10:00,11:12:00,장기,운양
75,11:12:00,11:16:00,운양,걸포북변
75,11:16:00,11:19:00,걸포북변,사우
75,11:19:00,11:21:00,사우,풍무
75,11:21:00,11:26:00,풍무,고촌
75,11:26:00,11:33:00,고촌,김포공항
76,11:06:00,11:09:00,양촌,구래
76,11:09:00,11:12:00,구래,마산
76,11:12:00,11:16:00,마산,장기
76,11:16:00,11:18:00,장기,운양
76,11:18:00,11:22:00,운양,걸포북변
76,11:22:00,11:25:00,걸포북변,사우
76,11:25:00,11:27:00,사우,풍무
76,11:27:00,11:32:00,풍무,고촌
76,11:32:00,11:39:00,고촌,김포공항
77,11:12:00,11:15:00,양촌,구래
77,11:15:00,11:18:00,구래,마산
77,11:18:00,11:22:00,마산,장기
77,11:22:00,11:24:00,장기,운양
77,11:24:00,11:28:00,운양,걸포북변
77,11:28:00,11:31:00,걸포북변,사우
77,11:31:00,11:33:00,사우,풍무
77,11:33:00,11:38:00,풍무,고촌
77,11:38:00,11:45:00,고촌,김포공항
78,11:18:00,11:21:00,양촌,구래
78,11:21:00,11:24:00,구래,마산
78,11:24:00,11:28:00,마산,장기
78,11:28:00,11:30:00,장기,운양
78,11:30:00,11:34:00,운양,걸포북변
78,11:34:00,11:37:00,걸포북변,사우
78,11:37:00,11:39:00,사우,풍무
78,11:39:00,11:44:00,풍무,고촌
78,11:44:00,11:51:00,고촌,김포공항
79,11:24:00,11:27:00,양촌,구래
79,11:27:00,11:30:00,구래,마산
79,11:30:00,11:34:00,마산,장기
79,11:34:00,11:36:00,장기,운양
79,11:36:00,11:40:00,운양,걸포북변
79,11:40:00,11:43:00,걸포북변,사우
79,11:43:00,11:45:00,사우,풍무
79,11:45:00,11:50:00,풍무,고촌
79,11:50:00,11:57:00,고촌,김포공항
80,11:30:00,11:33:00,양촌,구래
80,11:33:00,11:36:00,구래,마산
80,11:36:00,11:40:00,마산,장기
80,11:40:00,11:42:00,장기,운양
80,11:42:00,11:46:00,운양,걸포북변
80,11:46:00,11:49:00,걸포북변,사우
80,11:49:00,11:51:00,사우,풍무
80,11:51:00,11:56:00,풍무,고촌
80,11:56:00,12:03:00,고촌,김포공항
81,11:36:00,11:39:00,양촌,구래
81,11:39:00,11:42:00,구래,마산
81,11:42:00,11:46:00,마산,장기
81,11:46:00,11:48:00,장기,운양
81,11:48:00,11:52:00,운양,걸포북변
81,11:52:00,11:55:00,걸포북변,사우
81,11:55:00,11:57:00,사우,풍무
81,11:57:00,12:02:00,풍무,고촌
81,12:02:00,12:09:00,고촌,김포공항
82,11:42:00,11:45:00,양촌,구래
82,11:45:00,11:48:00,구래,마산
82,11:48:00,11:52:00,마산,장기
82,11:52:00,11:54:00,장기,운양
82,11:54:00,11:58:00,운양,걸포북변
82,11:58:00,12:01:00,걸포북변,사우
82,12:01:00,12:03:00,사우,풍무
82,12:03:00,12:08:00,풍무,고촌
82,12:08:00,12:15:00,고촌,김포공항
83,11:48:00,11:51:00,양촌,구래
83,11:51:00,11:54:00,구래,마산
83,11:54:00,11:58:00,마산,장기
83,11:58:00,12:00:00,장기,운양
83,12:00:00,12:04:00,운양,걸포북변
83,12:04:00,12:07:00,걸포북변,사우
83,12:07:00,12:09:00,사우,풍무
83,12:09:00,12:14:00,풍무,고촌
83,12:14:00,12:21:00,고촌,김포공항
84,11:54:00,11:57:00,양촌,구래
84,11:57:00,12:00:00,구래,마산
84,12:00:00,12:04:00,마산,장기
84,12:04:00,12:06:00,장기,운양
84,12:06:00,12:10:00,운양,걸포북변
84,12:10:00,12:13:00,걸포북변,사우
84,12:13:00,12:15:00,사우,풍무
84,12:15:00,12:20:00,풍무,고촌
84,12:20:00,12:27:00,고촌,김포공항
85,12:00:00,12:03:00,양촌,구래
85,12:03:00,12:06:00,구래,마산
85,12:06:00,12:10:00,마산,장기
85,12:10:00,12:12:00,장기,운양
85,12:12:00,12:16:00,운양,걸포북변
85,12:16:00,12:19:00,걸포북변,사우
85,12:19:00,12:21:00,사우,풍무
85,12:21:00,12:26:00,풍무,고촌
85,12:26:00,12:33:00,고촌,김포공항
86,12:06:00,12:09:00,양촌,구래
86,12:09:00,12:12:00,구래,마산
86,12:12:00,12:16:00,마산,장기
86,12:16:00,12:18:00,장기,운양
86,12:18:00,12:22:00,운양,걸포북변
86,12:22:00,12:25:00,걸포북변,사우
86,12:25:00,12:27:00,사우,풍무
86,12:27:00,12:32:00,풍무,고촌
86,12:32:00,12:39:00,고촌,김포공항
87,12:12:00,12:15:00,양촌,구래
87,12:15:00,12:18:00,구래,마산
87,12:18:00,12:22:00,마산,장기
87,12:22:00,12:24:00,장기,운양
87,12:24:00,12:28:00,운양,걸포북변
87,12:28:00,12:31:00,걸포북변,사우
87,12:31:00,12:33:00,사우,풍무
87,12:33:00,12:38:00,풍무,고촌
87,12:38:00,12:45:00,고촌,김포공항
88,12:18:00,12:21:00,양촌,구래
88,12:21:00,12:24:00,구래,마산
88,12:24:00,12:28:00,마산,장기
88,12:28:00,12:30:00,장기,운양
88,12:30:00,12:34:00,운양,걸포북변
88,12:34:00,12:37:00,걸포북변,사우
88,12:37:00,12:39:00,사우,풍무
88,12:39:00,12:44:00,풍무,고촌
88,12:44:00,12:51:00,고촌,김포공항
89,12:24:00,12:27:00,양촌,구래
89,12:27:00,12:30:00,구래,마산
89,12:30:00,12:34:00,마산,장기
89,12:34:00,12:36:00,장기,운양
89,12:36:00,12:40:00,운양,걸포북변
89,12:40:00,12:43:00,걸포북변,사우
89,12:43:00,12:45:00,사우,풍무
89,12:45:00,12:50:00,풍무,고촌
89,12:50:00,12:57:00,고촌,김포공항
90,12:30:00,12:33:00,양촌,구래
90,12:33:00,12:36:00,구래,마산
90,12:36:00,12:40:00,마산,장기
90,12:40:00,12:42:00,장기,운양
90,12:42:00,12:46:00,운양,걸포북변
90,12:46:00,12:49:00,걸포북변,사우
90,12:49:00,12:51:00,사우,풍무
90,12:51:00,12:56:00,풍무,고촌
90,12:56:00,13:03:00,고촌,김포공항
91,12:36:00,12:39:00,양촌,구래
91,12:39:00,12:42:00,구래,마산
91,12:42:00,12:46:00,마산,장기
91,12:46:00,12:48:00,장기,운양
91,12:48:00,12:52:00,운양,걸포북변
91,12:52:00,12:55:00,걸포북변,사우
91,12:55:00,12:57:00,사우,풍무
91,12:57:00,13:02:00,풍무,고촌
91,13:02:00,13:09:00,고촌,김포공항
92,12:42:00,12:45:00,양촌,구래
92,12:45:00,12:48:00,구래,마산
92,12:48:00,12:52:00,마산,장기
92,12:52:00,12:54:00,장기,운양
92,12:54:00,12:58:00,운양,걸포북변
92,12:58:00,13:01:00,걸포북변,사우
92,13:01:00,13:03:00,사우,풍무
92,13:03:00,13:08:00,풍무,고촌
92,13:08:00,13:15:00,고촌,김포공항
93,12:48:00,12:51:00,양촌,구래
93,12:51:00,12:54:00,구래,마산
93,12:54:00,12:58:00,마산,장기
93,12:58:00,13:00:00,장기,운양
93,13:00:00,13:04:00,운양,걸포북변
93,13:04:00,13:07:00,걸포북변,사우
93,13:07:00,13:09:00,사우,풍무
93,13:09:00,13:14:00,풍무,고촌
93,13:14:00,13:21:00,고촌,김포공항
94,12:54:00,12:57:00,양촌,구래
94,12:57:00,13:00:00,구래,마산
94,13:00:00,13:04:00,마산,장기
94,13:04:00,13:06:00,장기,운양
94,13:06:00,13:10:00,운양,걸포북변
94,13:10:00,13:13:00,걸포북변,사우
94,13:13:00,13:15:00,사우,풍무
94,13:15:00,13:20:00,풍무,고촌
94,13:20:00,13:27:00,고촌,김포공항
95,13:00:00,13:03:00,양촌,구래
95,13:03:00,13:06:00,구래,마산
95,13:06:00,13:10:00,마산,장기
95,13:10:00,13:12:00,장기,운양
95,13:12:00,13:16:00,운양,걸포북변
95,13:16:00,13:19:00,걸포북변,사우
95,13:19:00,13:21:00,사우,풍무
95,13:21:00,13:26:00,풍무,고촌
95,13:26:00,13:33:00,고촌,김포공항
96,13:06:00,13:09:00,양촌,구래
96,13:09:00,13:12:00,구래,마산
96,13:12:00,13:16:00,마산,장기
96,13:16:00,13:18:00,장기,운양
96,13:18:00,13:22:00,운양,걸포북변
96,13:22:00,13:25:00,걸포북변,사우
96,13:25:00,13:27:00,사우,풍무
96,13:27:00,13:32:00,풍무,고촌
96,13:32:00,13:39:00,고촌,김포공항
97,13:12:00,13:15:00,양촌,구래
97,13:15:00,13:18:00,구래,마산
97,13:18:00,13:22:00,마산,장기
97,13:22:00,13:24:00,장기,운양
97,13:24:00,13:28:00,운양,걸포북변
97,13:28:00,13:31:00,걸포북변,사우
97,13:31:00,13:33:00,사우,풍무
97,13:33:00,13:38:00,풍무,고촌
97,13:38:00,13:45:00,고촌,김포공항
98,13:18:00,13:21:00,양촌,구래
98,13:21:00,13:24:00,구래,마산
98,13:24:00,13:28:00,마산,장기
98,13:28:00,13:30:00,장기,운양
98,13:30:00,13:34:00,운양,걸포북변
98,13:34:00,13:37:00,걸포북변,사우
98,13:37:00,13:39:00,사우,풍무
98,13:39:00,13:44:00,풍무,고촌
98,13:44:00,13:51:00,고촌,김포공항
99,13:24:00,13:27:00,양촌,구래
99,13:27:00,13:30:00,구래,마산
99,13:30:00,13:34:00,마산,장기
99,13:34:00,13:36:00,장기,운양
99,13:36:00,13:40:00,운양,걸포북변
99,13:40:00,13:43:00,걸포북변,사우
99,13:43:00,13:45:00,사우,풍무
99,13:45:00,13:50:00,풍무,고촌
99,13:50:00,13:57:00,고촌,김포공항
100,13:30:00,13:33:00,양촌,구래
100,13:33:00,13:36:00,구래,마산
100,13:36:00,13:40:00,마산,장기
100,13:40:00,13:42:00,장기,운양
100,13:42:00,13:46:00,운양,걸포북변
100,13:46:00,13:49:00,걸포북변,사우
100,13:49:00,13:51:00,사우,풍무
100,13:51:00,13:56:00,풍무,고촌
100,13:56:00,14:03:00,고촌,김포공항
101,13:36:00,13:39:00,양촌,구래
101,13:39:00,13:42:00,구래,마산
101,13:42:00,13:46:00,마산,장기
101,13:46:00,13:48:00,장기,운양
101,13:48:00,13:52:00,운양,걸포북변
101,13:52:00,13:55:00,걸포북변,사우
101,13:55:00,13:57:00,사우,풍무
101,13:57:00,14:02:00,풍무,고촌
101,14:02:00,14:09:00,고촌,김포공항
102,13:42:00,13:45:00,양촌,구래
102,13:45:00,13:48:00,구래,마산
102,13:48:00,13:52:00,마산,장기
102,13:52:00,13:54:00,장기,운양
102,13:54:00,13:58:00,운양,걸포북변
102,13:58:00,14:01:00,걸포북변,사우
102,14:01:00,14:03:00,사우,풍무
102,14:03:00,14:08:00,풍무,고촌
102,14:08:00,14:15:00,고촌,김포공항
103,13:48:00,13:51:00,양촌,구래
103,13:51:00,13:54:00,구래,마산
103,13:54:00,13:58:00,마산,장기
103,13:58:00,14:00:00,장기,운양
103,14:00:00,14:04:00,운양,걸포북변
103,14:04:00,14:07:00,걸포북변,사우
103,14:07:00,14:09:00,사우,풍무
103,14:09:00,14:14:00,풍무,고촌
103,14:14:00,14:21:00,고촌,김포공항
104,13:54:00,13:57:00,양촌,구래
104,13:57:00,14:00:00,구래,마산
104,14:00:00,14:04:00,마산,장기
104,14:04:00,14:06:00,장기,운양
104,14:06:00,14:10:00,운양,걸포북변
104,14:10:00,14:13:00,걸포북변,사우
104,14:13:00,14:15:00,사우,풍무
104,14:15:00,14:20:00,풍무,고촌
104,14:20:00,14:27:00,고촌,김포공항
105,14:00:00,14:03:00,양촌,구래
105,14:03:00,14:06:00,구래,마산
105,14:06:00,14:10:00,마산,장기
105,14:10:00,14:12:00,장기,운양
105,14:12:00,14:16:00,운양,걸포북변
105,14:16:00,14:19:00,걸포북변,사우
105,14:19:00,14:21:00,사우,풍무
105,14:21:00,14:26:00,풍무,고촌
105,14:26:00,14:33:00,고촌,김포공항
106,14:06:00,14:09:00,양촌,구래
106,14:09:00,14:12:00,구래,마산
106,14:12:00,14:16:00,마산,장기
106,14:16:00,14:18:00,장기,운양
106,14:18:00,14:22:00,운양,걸포북변
106,14:22:00,14:25:00,걸포북변,사우
106,14:25:00,14:27:00,사우,풍무
106,14:27:00,14:32:00,풍무,고촌
106,14:32:00,14:39:00,고촌,김포공항
107,14:12:00,14:15:00,양촌,구래
107,14:15:00,14:18:00,구래,마산
107,14:18:00,14:22:00,마산,장기
107,14:22:00,14:24:00,장기,운양
107,14:24:00,14:28:00,운양,걸포북변
107,14:28:00,14:31:00,걸포북변,사우
107,14:31:00,14:33:00,사우,풍무
107,14:33:00,14:38:00,풍무,고촌
107,14:38:00,14:45:00,고촌,김포공항
108,14:18:00,14:21:00,양촌,구래
108,14:21:00,14:24:00,구래,마산
108,14:24:00,14:28:00,마산,장기
108,14:28:00,14:30:00,장기,운양
108,14:30:00,14:34:00,운양,걸포북변
108,14:34:00,14:37:00,걸포북변,사우
108,14:37:00,14:39:00,사우,풍무
108,14:39:00,14:44:00,풍무,고촌
108,14:44:00,14:51:00,고촌,김포공항
109,14:24:00,14:27:00,양촌,구래
109,14:27:00,14:30:00,구래,마산
109,14:30:00,14:34:00,마산,장기
109,14:34:00,14:36:00,장기,운양
109,14:36:00,14:40:00,운양,걸포북변
109,14:40:00,14:43:00,걸포북변,사우
109,14:43:00,14:45:00,사우,풍무
109,14:45:00,14:50:00,풍무,고촌
109,14:50:00,14:57:00,고촌,김포공항
110,14:30:00,14:33:00,양촌,구래
110,14:33:00,14:36:00,구래,마산
110,14:36:00,14:40:00,마산,장기
110,14:40:00,14:42:00,장기,운양
110,14:42:00,14:46:00,운양,걸포북변
110,14:46:00,14:49:00,걸포북변,사우
110,14:49:00,14:51:00,사우,풍무
110,14:51:00,14:56:00,풍무,고촌
110,14:56:00,15:03:00,고촌,김포공항
111,14:36:00,14:39:00,양촌,구래
111,14:39:00,14:42:00,구래,마산
111,14:42:00,14:46:00,마산,장기
111,14:46:00,14:48:00,장기,운양
111,14:48:00,14:52:00,운양,걸포북변
111,14:52:00,14:55:00,걸포북변,사우
111,14:55:00,14:57:00,사우,풍무
111,14:57:00,15:02:00,풍무,고촌
111,15:02:00,15:09:00,고촌,김포공항
112,14:42:00,14:45:00,양촌,구래
112,14:45:00,14:48:00,구래,마산
112,14:48:00,14:52:00,마산,장기
112,14:52:00,14:54:00,장기,운양
112,14:54:00,14:58:00,운양,걸포북변
112,14:58:00,15:01:00,걸포북변,사우
112,15:01:00,15:03:00,사우,풍무
112,15:03:00,15:08:00,풍무,고촌
112,15:08:00,15:15:00,고촌,김포공항
113,14:48:00,14:51:00,양촌,구래
113,14:51:00,14:54:00,구래,마산
113,14:54:00,14:58:00,마산,장기
113,14:58:00,15:00:00,장기,운양
113,15:00:00,15:04:00,운양,걸포북변
113,15:04:00,15:07:00,걸포북변,사우
113,15:07:00,15:09:00,사우,풍무
113,15:09:00,15:14:00,풍무,고촌
113,15:14:00,15:21:00,고촌,김포공항
114,14:54:00,14:57:00,양촌,구래
114,14:57:00,15:00:00,구래,마산
114,15:00:00,15:04:00,마산,장기
114,15:04:00,15:06:00,장기,운양
114,15:06:00,15:10:00,운양,걸포북변
114,15:10:00,15:13:00,걸포북변,사우
114,15:13:00,15:15:00,사우,풍무
114,15:15:00,15:20:00,풍무,고촌
114,15:20:00,15:27:00,고촌,김포공항
115,15:00:00,15:03:00,양촌,구래
115,15:03:00,15:06:00,구래,마산
115,15:06:00,15:10:00,마산,장기
115,15:10:00,15:12:00,장기,운양
115,15:12:00,15:16:00,운양,걸포북변
115,15:16:00,15:19:00,걸포북변,사우
115,15:19:00,15:21:00,사우,풍무
115,15:21:00,15:26:00,풍무,고촌
115,15:26:00,15:33:00,고촌,김포공항
116,15:06:00,15:09:00,양촌,구래
116,15:09:00,15:12:00,구래,마산
116,15:12:00,15:16:00,마산,장기
116,15:16:00,15:18:00,장기,운양
116,15:18:00,15:22:00,운양,걸포북변
116,15:22:00,15:25:00,걸포북변,사우
116,15:25:00,15:27:00,사우,풍무
116,15:27:00,15:32:00,풍무,고촌
116,15:32:00,15:39:00,고촌,김포공항
117,15:12:00,15:15:00,양촌,구래
117,15:15:00,15:18:00,구래,마산
117,15:18:00,15:22:00,마산,장기
117,15:22:00,15:24:00,장기,운양
117,15:24:00,15:28:00,운양,걸포북변
117,15:28:00,15:31:00,걸포북변,사우
117,15:31:00,15:33:00,사우,풍무
117,15:33:00,15:38:00,풍무,고촌
117,15:38:00,15:45:00,고촌,김포공항
118,15:18:00,15:21:00,양촌,구래
118,15:21:00,15:24:00,구래,마산
118,15:24:00,15:28:00,마산,장기
118,15:28:00,15:30:00,장기,운양
118,15:30:00,15:34:00,운양,걸포북변
118,15:34:00,15:37:00,걸포북변,사우
118,15:37:00,15:39:00,사우,풍무
118,15:39:00,15:44:00,풍무,고촌
118,15:44:00,15:51:00,고촌,김포공항
119,15:24:00,15:27:00,양촌,구래
119,15:27:00,15:30:00,구래,마산
119,15:30:00,15:34:00,마산,장기
119,15:34:00,15:36:00,장기,운양
119,15:36:00,15:40:00,운양,걸포북변
119,15:40:00,15:43:00,걸포북변,사우
119,15:43:00,15:45:00,사우,풍무
119,15:45:00,15:50:00,풍무,고촌
119,15:50:00,15:57:00,고촌,김포공항
120,15:30:00,15:33:00,양촌,구래
120,15:33:00,15:36:00,구래,마산
120,15:36:00,15:40:00,마산,장기
120,15:40:00,15:42:00,장기,운양
120,15:42:00,15:46:00,운양,걸포북변
120,15:46:00,15:49:00,걸포북변,사우
120,15:49:00,15:51:00,사우,풍무
120,15:51:00,15:56:00,풍무,고촌
120,15:56:00,16:03:00,고촌,김포공항
121,15:36:00,15:39:00,양촌,구래
121,15:39:00,15:42:00,구래,마산
121,15:42:00,15:46:00,마산,장기
121,15:46:00,15:48:00,장기,운양
121,15:48:00,15:52:00,운양,걸포북변
121,15:52:00,15:55:00,걸포북변,사우
121,15:55:00,15:57:00,사우,풍무
121,15:57:00,16:02:00,풍무,고촌
121,16:02:00,16:09:00,고촌,김포공항
122,15:42:00,15:45:00,양촌,구래
122,15:45:00,15:48:00,구래,마산
122,15:48:00,15:52:00,마산,장기
122,15:52:00,15:54:00,장기,운양
122,15:54:00,15:58:00,운양,걸포북변
122,15:58:00,16:01:00,걸포북변,사우
122,16:01:00,16:03:00,사우,풍무
122,16:03:00,16:08:00,풍무,고촌
122,16:08:00,16:15:00,고촌,김포공항
123,15:48:00,15:51:00,양촌,구래
123,15:51:00,15:54:00,구래,마산
123,15:54:00,15:58:00,마산,장기
123,15:58:00,16:00:00,장기,운양
123,16:00:00,16:04:00,운양,걸포북변
123,16:04:00,16:07:00,걸포북변,사우
123,16:07:00,16:09:00,사우,풍무
123,16:09:00,16:14:00,풍무,고촌
123,16:14:00,16:21:00,고촌,김포공항
124,15:54:00,15:57:00,양촌,구래
124,15:57:00,16:00:00,구래,마산
124,16:00:00,16:04:00,마산,장기
124,16:04:00,16:06:00,장기,운양
124,16:06:00,16:10:00,운양,걸포북변
124,16:10:00,16:13:00,걸포북변,사우
124,16:13:00,16:15:00,사우,풍무
124,16:15:00,16:20:00,풍무,고촌
124,16:20:00,16:27:00,고촌,김포공항
125,16:00:00,16:03:00,양촌,구래
125,16:03:00,16:06:00,구래,마산
125,16:06:00,16:10:00,마산,장기
125,16:10:00,16:12:00,장기,운양
125,16:12:00,16:16:00,운양,걸포북변
125,16:16:00,16:19:00,걸포북변,사우
125,16:19:00,16:21:00,사우,풍무
125,16:21:00,16:26:00,풍무,고촌
125,16:26:00,16:33:00,고촌,김포공항
126,16:06:00,16:09:00,양촌,구래
126,16:09:00,16:12:00,구래,마산
126,16:12:00,16:16:00,마산,장기
126,16:16:00,16:18:00,장기,운양
126,16:18:00,16:22:00,운양,걸포북변
126,16:22:00,16:25:00,걸포북변,사우
126,16:25:00,16:27:00,사우,풍무
126,16:27:00,16:32:00,풍무,고촌
126,16:32:00,16:39:00,고촌,김포공항
127,16:12:00,16:15:00,양촌,구래
127,16:15:00,16:18:00,구래,마산
127,16:18:00,16:22:00,마산,장기
127,16:22:00,16:24:00,장기,운양
127,16:24:00,16:28:00,운양,걸포북변
127,16:28:00,16:31:00,걸포북변,사우
127,16:31:00,16:33:00,사우,풍무
127,16:33:00,16:38:00,풍무,고촌
127,16:38:00,16:45:00,고촌,김포공항
128,16:18:00,16:21:00,양촌,구래
128,16:21:00,16:24:00,구래,마산
128,16:24:00,16:28:00,마산,장기
128,16:28:00,16:30:00,장기,운양
128,16:30:00,16:34:00,운양,걸포북변
128,16:34:00,16:37:00,걸포북변,사우
128,16:37:00,16:39:00,사우,풍무
128,16:39:00,16:44:00,풍무,고촌
128,16:44:00,16:51:00,고촌,김포공항
129,16:24:00,16:27:00,양촌,구래
129,16:27:00,16:30:00,구래,마산
129,16:30:00,16:34:00,마산,장기
129,16:34:00,16:36:00,장기,운양
129,16:36:00,16:40:00,운양,걸포북변
129,16:40:00,16:43:00,걸포북변,사우
129,16:43:00,16:45:00,사우,풍무
129,16:45:00,16:50:00,풍무,고촌
129,16:50:00,16:57:00,고촌,김포공항
130,16:30:00,16:33:00,양촌,구래
130,16:33:00,16:36:00,구래,마산
130,16:36:00,16:40:00,마산,장기
130,16:40:00,16:42:00,장기,운양
130,16:42:00,16:46:00,운양,걸포북변
130,16:46:00,16:49:00,걸포북변,사우
130,16:49:00,16:51:00,사우,풍무
130,16:51:00,16:56:00,풍무,고촌
130,16:56:00,17:03:00,고촌,김포공항
131,16:36:00,16:39:00,양촌,구래
131,16:39:00,16:42:00,구래,마산
131,16:42:00,16:46:00,마산,장기
131,16:46:00,16:48:00,장기,운양
131,16:48:00,16:52:00,운양,걸포북변
131,16:52:00,16:55:00,걸포북변,사우
131,16:55:00,16:57:00,사우,풍무
131,16:57:00,17:02:00,풍무,고촌
131,17:02:00,17:09:00,고촌,김포공항
132,16:41:00,16:44:00,양촌,구래
132,16:44:00,16:47:00,구래,마산
132,16:47:00,16:51:00,마산,장기
132,16:51:00,16:53:00,장기,운양
132,16:53:00,16:57:00,운양,걸포북변
132,16:57:00,17:00:00,걸포북변,사우
132,17:00:00,17:02:00,사우,풍무
132,17:02:00,17:07:00,풍무,고촌
132,17:07:00,17:14:00,고촌,김포공항
133,16:45:00,16:48:00,양촌,구래
133,16:48:00,16:51:00,구래,마산
133,16:51:00,16:55:00,마산,장기
133,16:55:00,16:57:00,장기,운양
133,16:57:00,17:01:00,운양,걸포북변
133,17:01:00,17:04:00,걸포북변,사우
133,17:04:00,17:06:00,사우,풍무
133,17:06:00,17:11:00,풍무,고촌
133,17:11:00,17:18:00,고촌,김포공항
134,16:49:00,16:52:00,양촌,구래
134,16:52:00,16:55:00,구래,마산
134,16:55:00,16:59:00,마산,장기
134,16:59:00,17:01:00,장기,운양
134,17:01:00,17:05:00,운양,걸포북변
134,17:05:00,17:08:00,걸포북변,사우
134,17:08:00,17:10:00,사우,풍무
134,17:10:00,17:15:00,풍무,고촌
134,17:15:00,17:22:00,고촌,김포공항
135,16:53:00,16:56:00,양촌,구래
135,16:56:00,16:59:00,구래,마산
135,16:59:00,17:03:00,마산,장기
135,17:03:00,17:05:00,장기,운양
135,17:05:00,17:09:00,운양,걸포북변
135,17:09:00,17:12:00,걸포북변,사우
135,17:12:00,17:14:00,사우,풍무
135,17:14:00,17:19:00,풍무,고촌
135,17:19:00,17:26:00,고촌,김포공항
136,16:57:00,17:00:00,양촌,구래
136,17:00:00,17:03:00,구래,마산
136,17:03:00,17:07:00,마산,장기
136,17:07:00,17:09:00,장기,운양
136,17:09:00,17:14:00,운양,걸포북변
136,17:14:00,17:16:00,걸포북변,사우
136,17:16:00,17:19:00,사우,풍무
136,17:19:00,17:23:00,풍무,고촌
136,17:23:00,17:30:00,고촌,김포공항
137,17:01:00,17:04:00,양촌,구래
137,17:04:00,17:07:00,구래,마산
137,17:07:00,17:11:00,마산,장기
137,17:11:00,17:13:00,장기,운양
137,17:13:00,17:17:00,운양,걸포북변
137,17:17:00,17:20:00,걸포북변,사우
137,17:20:00,17:23:00,사우,풍무
137,17:23:00,17:27:00,풍무,고촌
137,17:27:00,17:34:00,고촌,김포공항
138,17:05:00,17:08:00,양촌,구래
138,17:08:00,17:11:00,구래,마산
138,17:11:00,17:15:00,마산,장기
138,17:15:00,17:17:00,장기,운양
138,17:17:00,17:21:00,운양,걸포북변
138,17:21:00,17:24:00,걸포북변,사우
138,17:24:00,17:27:00,사우,풍무
138,17:27:00,17:31:00,풍무,고촌
138,17:31:00,17:38:00,고촌,김포공항
139,17:09:00,17:11:00,양촌,구래
139,17:11:00,17:14:00,구래,마산
139,17:14:00,17:18:00,마산,장기
139,17:18:00,17:21:00,장기,운양
139,17:21:00,17:25:00,운양,걸포북변
139,17:25:00,17:28:00,걸포북변,사우
139,17:28:00,17:30:00,사우,풍무
139,17:30:00,17:35:00,풍무,고촌
139,17:35:00,17:42:00,고촌,김포공항
140,17:12:00,17:15:00,양촌,구래
140,17:15:00,17:18:00,구래,마산
140,17:18:00,17:22:00,마산,장기
140,17:22:00,17:24:00,장기,운양
140,17:24:00,17:28:00,운양,걸포북변
140,17:28:00,17:31:00,걸포북변,사우
140,17:31:00,17:34:00,사우,풍무
140,17:34:00,17:38:00,풍무,고촌
140,17:38:00,17:45:00,고촌,김포공항
141,17:16:00,17:18:00,양촌,구래
141,17:18:00,17:21:00,구래,마산
141,17:21:00,17:25:00,마산,장기
141,17:25:00,17:28:00,장기,운양
141,17:28:00,17:32:00,운양,걸포북변
141,17:32:00,17:35:00,걸포북변,사우
141,17:35:00,17:37:00,사우,풍무
141,17:37:00,17:42:00,풍무,고촌
141,17:42:00,17:49:00,고촌,김포공항
142,17:19:00,17:22:00,양촌,구래
142,17:22:00,17:25:00,구래,마산
142,17:25:00,17:29:00,마산,장기
142,17:29:00,17:31:00,장기,운양
142,17:31:00,17:35:00,운양,걸포북변
142,17:35:00,17:38:00,걸포북변,사우
142,17:38:00,17:41:00,사우,풍무
142,17:41:00,17:45:00,풍무,고촌
142,17:45:00,17:52:00,고촌,김포공항
143,17:23:00,17:25:00,양촌,구래
143,17:25:00,17:28:00,구래,마산
143,17:28:00,17:32:00,마산,장기
143,17:32:00,17:35:00,장기,운양
143,17:35:00,17:39:00,운양,걸포북변
143,17:39:00,17:42:00,걸포북변,사우
143,17:42:00,17:44:00,사우,풍무
143,17:44:00,17:49:00,풍무,고촌
143,17:49:00,17:56:00,고촌,김포공항
144,17:26:00,17:29:00,양촌,구래
144,17:29:00,17:32:00,구래,마산
144,17:32:00,17:36:00,마산,장기
144,17:36:00,17:38:00,장기,운양
144,17:38:00,17:42:00,운양,걸포북변
144,17:42:00,17:45:00,걸포북변,사우
144,17:45:00,17:48:00,사우,풍무
144,17:48:00,17:52:00,풍무,고촌
144,17:52:00,17:59:00,고촌,김포공항
145,17:30:00,17:32:00,양촌,구래
145,17:32:00,17:35:00,구래,마산
145,17:35:00,17:39:00,마산,장기
145,17:39:00,17:42:00,장기,운양
145,17:42:00,17:46:00,운양,걸포북변
145,17:46:00,17:49:00,걸포북변,사우
145,17:49:00,17:51:00,사우,풍무
145,17:51:00,17:56:00,풍무,고촌
145,17:56:00,18:03:00,고촌,김포공항
146,17:33:00,17:36:00,양촌,구래
146,17:36:00,17:39:00,구래,마산
146,17:39:00,17:43:00,마산,장기
146,17:43:00,17:45:00,장기,운양
146,17:45:00,17:49:00,운양,걸포북변
146,17:49:00,17:52:00,걸포북변,사우
146,17:52:00,17:55:00,사우,풍무
146,17:55:00,17:59:00,풍무,고촌
146,17:59:00,18:06:00,고촌,김포공항
147,17:37:00,17:39:00,양촌,구래
147,17:39:00,17:42:00,구래,마산
147,17:42:00,17:46:00,마산,장기
147,17:46:00,17:49:00,장기,운양
147,17:49:00,17:53:00,운양,걸포북변
147,17:53:00,17:56:00,걸포북변,사우
147,17:56:00,17:58:00,사우,풍무
147,17:58:00,18:03:00,풍무,고촌
147,18:03:00,18:10:00,고촌,김포공항
148,17:40:00,17:43:00,양촌,구래
148,17:43:00,17:46:00,구래,마산
148,17:46:00,17:50:00,마산,장기
148,17:50:00,17:52:00,장기,운양
148,17:52:00,17:56:00,운양,걸포북변
148,17:56:00,17:59:00,걸포북변,사우
148,17:59:00,18:02:00,사우,풍무
148,18:02:00,18:06:00,풍무,고촌
148,18:06:00,18:13:00,고촌,김포공항
149,17:44:00,17:46:00,양촌,구래
149,17:46:00,17:49:00,구래,마산
149,17:49:00,17:53:00,마산,장기
149,17:53:00,17:56:00,장기,운양
149,17:56:00,18:00:00,운양,걸포북변
149,18:00:00,18:03:00,걸포북변,사우
149,18:03:00,18:05:00,사우,풍무
149,18:05:00,18:10:00,풍무,고촌
149,18:10:00,18:17:00,고촌,김포공항
150,17:47:00,17:50:00,양촌,구래
150,17:50:00,17:53:00,구래,마산
150,17:53:00,17:57:00,마산,장기
150,17:57:00,17:59:00,장기,운양
150,17:59:00,18:03:00,운양,걸포북변
150,18:03:00,18:06:00,걸포북변,사우
150,18:06:00,18:09:00,사우,풍무
150,18:09:00,18:13:00,풍무,고촌
150,18:13:00,18:20:00,고촌,김포공항
151,17:51:00,17:53:00,양촌,구래
151,17:53:00,17:56:00,구래,마산
151,17:56:00,18:00:00,마산,장기
151,18:00:00,18:03:00,장기,운양
151,18:03:00,18:07:00,운양,걸포북변
151,18:07:00,18:10:00,걸포북변,사우
151,18:10:00,18:12:00,사우,풍무
151,18:12:00,18:17:00,풍무,고촌
151,18:17:00,18:24:00,고촌,김포공항
152,17:54:00,17:57:00,양촌,구래
152,17:57:00,18:00:00,구래,마산
152,18:00:00,18:04:00,마산,장기
152,18:04:00,18:06:00,장기,운양
152,18:06:00,18:10:00,운양,걸포북변
152,18:10:00,18:13:00,걸포북변,사우
152,18:13:00,18:16:00,사우,풍무
152,18:16:00,18:20:00,풍무,고촌
152,18:20:00,18:27:00,고촌,김포공항
153,17:58:00,18:00:00,양촌,구래
153,18:00:00,18:03:00,구래,마산
153,18:03:00,18:07:00,마산,장기
153,18:07:00,18:10:00,장기,운양
153,18:10:00,18:14:00,운양,걸포북변
153,18:14:00,18:17:00,걸포북변,사우
153,18:17:00,18:19:00,사우,풍무
153,18:19:00,18:24:00,풍무,고촌
153,18:24:00,18:31:00,고촌,김포공항
154,18:01:00,18:04:00,양촌,구래
154,18:04:00,18:07:00,구래,마산
154,18:07:00,18:11:00,마산,장기
154,18:11:00,18:13:00,장기,운양
154,18:13:00,18:17:00,운양,걸포북변
154,18:17:00,18:20:00,걸포북변,사우
154,18:20:00,18:23:00,사우,풍무
154,18:23:00,18:27:00,풍무,고촌
154,18:27:00,18:34:00,고촌,김포공항
155,18:05:00,18:07:00,양촌,구래
155,18:07:00,18:10:00,구래,마산
155,18:10:00,18:14:00,마산,장기
155,18:14:00,18:17:00,장기,운양
155,18:17:00,18:21:00,운양,걸포북변
155,18:21:00,18:24:00,걸포북변,사우
155,18:24:00,18:26:00,사우,풍무
155,18:26:00,18:31:00,풍무,고촌
155,18:31:00,18:38:00,고촌,김포공항
156,18:08:00,18:11:00,양촌,구래
156,18:11:00,18:14:00,구래,마산
156,18:14:00,18:18:00,마산,장기
156,18:18:00,18:20:00,장기,운양
156,18:20:00,18:24:00,운양,걸포북변
156,18:24:00,18:27:00,걸포북변,사우
156,18:27:00,18:30:00,사우,풍무
156,18:30:00,18:34:00,풍무,고촌
156,18:34:00,18:41:00,고촌,김포공항
157,18:11:00,18:14:00,양촌,구래
157,18:14:00,18:17:00,구래,마산
157,18:17:00,18:21:00,마산,장기
157,18:21:00,18:24:00,장기,운양
157,18:24:00,18:28:00,운양,걸포북변
157,18:28:00,18:31:00,걸포북변,사우
157,18:31:00,18:33:00,사우,풍무
157,18:33:00,18:38:00,풍무,고촌
157,18:38:00,18:45:00,고촌,김포공항
158,18:15:00,18:18:00,양촌,구래
158,18:18:00,18:21:00,구래,마산
158,18:21:00,18:25:00,마산,장기
158,18:25:00,18:27:00,장기,운양
158,18:27:00,18:31:00,운양,걸포북변
158,18:31:00,18:34:00,걸포북변,사우
158,18:34:00,18:37:00,사우,풍무
158,18:37:00,18:41:00,풍무,고촌
158,18:41:00,18:48:00,고촌,김포공항
159,18:18:00,18:21:00,양촌,구래
159,18:21:00,18:24:00,구래,마산
159,18:24:00,18:28:00,마산,장기
159,18:28:00,18:31:00,장기,운양
159,18:31:00,18:35:00,운양,걸포북변
159,18:35:00,18:38:00,걸포북변,사우
159,18:38:00,18:40:00,사우,풍무
159,18:40:00,18:45:00,풍무,고촌
159,18:45:00,18:52:00,고촌,김포공항
160,18:22:00,18:25:00,양촌,구래
160,18:25:00,18:28:00,구래,마산
160,18:28:00,18:32:00,마산,장기
160,18:32:00,18:34:00,장기,운양
160,18:34:00,18:38:00,운양,걸포북변
160,18:38:00,18:41:00,걸포북변,사우
160,18:41:00,18:44:00,사우,풍무
160,18:44:00,18:48:00,풍무,고촌
160,18:48:00,18:55:00,고촌,김포공항
161,18:26:00,18:28:00,양촌,구래
161,18:28:00,18:31:00,구래,마산
161,18:31:00,18:35:00,마산,장기
161,18:35:00,18:38:00,장기,운양
161,18:38:00,18:42:00,운양,걸포북변
161,18:42:00,18:45:00,걸포북변,사우
161,18:45:00,18:47:00,사우,풍무
161,18:47:00,18:52:00,풍무,고촌
161,18:52:00,18:59:00,고촌,김포공항
162,18:29:00,18:32:00,양촌,구래
162,18:32:00,18:35:00,구래,마산
162,18:35:00,18:39:00,마산,장기
162,18:39:00,18:41:00,장기,운양
162,18:41:00,18:45:00,운양,걸포북변
162,18:45:00,18:48:00,걸포북변,사우
162,18:48:00,18:51:00,사우,풍무
162,18:51:00,18:55:00,풍무,고촌
162,18:55:00,19:02:00,고촌,김포공항
163,18:32:00,18:35:00,양촌,구래
163,18:35:00,18:38:00,구래,마산
163,18:38:00,18:42:00,마산,장기
163,18:42:00,18:45:00,장기,운양
163,18:45:00,18:49:00,운양,걸포북변
163,18:49:00,18:52:00,걸포북변,사우
163,18:52:00,18:54:00,사우,풍무
163,18:54:00,18:59:00,풍무,고촌
163,18:59:00,19:06:00,고촌,김포공항
164,18:36:00,18:39:00,양촌,구래
164,18:39:00,18:42:00,구래,마산
164,18:42:00,18:46:00,마산,장기
164,18:46:00,18:48:00,장기,운양
164,18:48:00,18:52:00,운양,걸포북변
164,18:52:00,18:55:00,걸포북변,사우
164,18:55:00,18:58:00,사우,풍무
164,18:58:00,19:02:00,풍무,고촌
164,19:02:00,19:09:00,고촌,김포공항
165,18:39:00,18:42:00,양촌,구래
165,18:42:00,18:45:00,구래,마산
165,18:45:00,18:49:00,마산,장기
165,18:49:00,18:52:00,장기,운양
165,18:52:00,18:56:00,운양,걸포북변
165,18:56:00,18:59:00,걸포북변,사우
165,18:59:00,19:01:00,사우,풍무
165,19:01:00,19:06:00,풍무,고촌
165,19:06:00,19:13:00,고촌,김포공항
166,18:43:00,18:46:00,양촌,구래
166,18:46:00,18:49:00,구래,마산
166,18:49:00,18:53:00,마산,장기
166,18:53:00,18:55:00,장기,운양
166,18:55:00,18:59:00,운양,걸포북변
166,18:59:00,19:02:00,걸포북변,사우
166,19:02:00,19:05:00,사우,풍무
166,19:05:00,19:09:00,풍무,고촌
166,19:09:00,19:16:00,고촌,김포공항
167,18:47:00,18:49:00,양촌,구래
167,18:49:00,18:52:00,구래,마산
167,18:52:00,18:56:00,마산,장기
167,18:56:00,18:59:00,장기,운양
167,18:59:00,19:03:00,운양,걸포북변
167,19:03:00,19:06:00,걸포북변,사우
167,19:06:00,19:08:00,사우,풍무
167,19:08:00,19:13:00,풍무,고촌
167,19:13:00,19:20:00,고촌,김포공항
168,18:50:00,18:53:00,양촌,구래
168,18:53:00,18:56:00,구래,마산
168,18:56:00,19:00:00,마산,장기
168,19:00:00,19:02:00,장기,운양
168,19:02:00,19:06:00,운양,걸포북변
168,19:06:00,19:09:00,걸포북변,사우
168,19:09:00,19:12:00,사우,풍무
168,19:12:00,19:16:00,풍무,고촌
168,19:16:00,19:23:00,고촌,김포공항
169,18:53:00,18:56:00,양촌,구래
169,18:56:00,18:59:00,구래,마산
169,18:59:00,19:03:00,마산,장기
169,19:03:00,19:06:00,장기,운양
169,19:06:00,19:10:00,운양,걸포북변
169,19:10:00,19:13:00,걸포북변,사우
169,19:13:00,19:15:00,사우,풍무
169,19:15:00,19:20:00,풍무,고촌
169,19:20:00,19:27:00,고촌,김포공항
170,18:57:00,19:00:00,양촌,구래
170,19:00:00,19:03:00,구래,마산
170,19:03:00,19:07:00,마산,장기
170,19:07:00,19:09:00,장기,운양
170,19:09:00,19:13:00,운양,걸포북변
170,19:13:00,19:16:00,걸포북변,사우
170,19:16:00,19:19:00,사우,풍무
170,19:19:00,19:23:00,풍무,고촌
170,19:23:00,19:30:00,고촌,김포공항
171,19:01:00,19:04:00,양촌,구래
171,19:04:00,19:07:00,구래,마산
171,19:07:00,19:11:00,마산,장기
171,19:11:00,19:13:00,장기,운양
171,19:13:00,19:17:00,운양,걸포북변
171,19:17:00,19:20:00,걸포북변,사우
171,19:20:00,19:23:00,사우,풍무
171,19:23:00,19:27:00,풍무,고촌
171,19:27:00,19:34:00,고촌,김포공항
172,19:05:00,19:08:00,양촌,구래
172,19:08:00,19:11:00,구래,마산
172,19:11:00,19:15:00,마산,장기
172,19:15:00,19:17:00,장기,운양
172,19:17:00,19:21:00,운양,걸포북변
172,19:21:00,19:24:00,걸포북변,사우
172,19:24:00,19:27:00,사우,풍무
172,19:27:00,19:31:00,풍무,고촌
172,19:31:00,19:38:00,고촌,김포공항
173,19:09:00,19:12:00,양촌,구래
173,19:12:00,19:15:00,구래,마산
173,19:15:00,19:19:00,마산,장기
173,19:19:00,19:21:00,장기,운양
173,19:21:00,19:25:00,운양,걸포북변
173,19:25:00,19:28:00,걸포북변,사우
173,19:28:00,19:31:00,사우,풍무
173,19:31:00,19:35:00,풍무,고촌
173,19:35:00,19:42:00,고촌,김포공항
174,19:13:00,19:16:00,양촌,구래
174,19:16:00,19:19:00,구래,마산
174,19:19:00,19:23:00,마산,장기
174,19:23:00,19:25:00,장기,운양
174,19:25:00,19:29:00,운양,걸포북변
174,19:29:00,19:32:00,걸포북변,사우
174,19:32:00,19:35:00,사우,풍무
174,19:35:00,19:39:00,풍무,고촌
174,19:39:00,19:46:00,고촌,김포공항
175,19:17:00,19:20:00,양촌,구래
175,19:20:00,19:23:00,구래,마산
175,19:23:00,19:27:00,마산,장기
175,19:27:00,19:29:00,장기,운양
175,19:29:00,19:33:00,운양,걸포북변
175,19:33:00,19:36:00,걸포북변,사우
175,19:36:00,19:39:00,사우,풍무
175,19:39:00,19:43:00,풍무,고촌
175,19:43:00,19:50:00,고촌,김포공항
176,19:21:00,19:24:00,양촌,구래
176,19:24:00,19:27:00,구래,마산
176,19:27:00,19:31:00,마산,장기
176,19:31:00,19:33:00,장기,운양
176,19:33:00,19:37:00,운양,걸포북변
176,19:37:00,19:40:00,걸포북변,사우
176,19:40:00,19:43:00,사우,풍무
176,19:43:00,19:47:00,풍무,고촌
176,19:47:00,19:54:00,고촌,김포공항
177,19:26:00,19:29:00,양촌,구래
177,19:29:00,19:32:00,구래,마산
177,19:32:00,19:36:00,마산,장기
177,19:36:00,19:38:00,장기,운양
177,19:38:00,19:42:00,운양,걸포북변
177,19:42:00,19:45:00,걸포북변,사우
177,19:45:00,19:48:00,사우,풍무
177,19:48:00,19:52:00,풍무,고촌
177,19:52:00,19:59:00,고촌,김포공항
178,19:31:00,19:34:00,양촌,구래
178,19:34:00,19:37:00,구래,마산
178,19:37:00,19:41:00,마산,장기
178,19:41:00,19:43:00,장기,운양
178,19:43:00,19:47:00,운양,걸포북변
178,19:47:00,19:50:00,걸포북변,사우
178,19:50:00,19:53:00,사우,풍무
178,19:53:00,19:57:00,풍무,고촌
178,19:57:00,20:04:00,고촌,김포공항
179,19:36:00,19:39:00,양촌,구래
179,19:39:00,19:42:00,구래,마산
179,19:42:00,19:46:00,마산,장기
179,19:46:00,19:48:00,장기,운양
179,19:48:00,19:52:00,운양,걸포북변
179,19:52:00,19:55:00,걸포북변,사우
179,19:55:00,19:58:00,사우,풍무
179,19:58:00,20:02:00,풍무,고촌
179,20:02:00,20:09:00,고촌,김포공항
180,19:42:00,19:45:00,양촌,구래
180,19:45:00,19:48:00,구래,마산
180,19:48:00,19:52:00,마산,장기
180,19:52:00,19:54:00,장기,운양
180,19:54:00,19:58:00,운양,걸포북변
180,19:58:00,20:01:00,걸포북변,사우
180,20:01:00,20:04:00,사우,풍무
180,20:04:00,20:08:00,풍무,고촌
180,20:08:00,20:15:00,고촌,김포공항
181,19:46:00,19:49:00,양촌,구래
181,19:49:00,19:52:00,구래,마산
181,19:52:00,19:56:00,마산,장기
181,19:56:00,19:58:00,장기,운양
181,19:58:00,20:02:00,운양,걸포북변
181,20:02:00,20:05:00,걸포북변,사우
181,20:05:00,20:08:00,사우,풍무
181,20:08:00,20:12:00,풍무,고촌
181,20:12:00,20:19:00,고촌,김포공항
182,19:51:00,19:54:00,양촌,구래
182,19:54:00,19:57:00,구래,마산
182,19:57:00,20:01:00,마산,장기
182,20:01:00,20:03:00,장기,운양
182,20:03:00,20:07:00,운양,걸포북변
182,20:07:00,20:10:00,걸포북변,사우
182,20:10:00,20:13:00,사우,풍무
182,20:13:00,20:17:00,풍무,고촌
182,20:17:00,20:24:00,고촌,김포공항
183,19:56:00,19:59:00,양촌,구래
183,19:59:00,20:02:00,구래,마산
183,20:02:00,20:06:00,마산,장기
183,20:06:00,20:08:00,장기,운양
183,20:08:00,20:12:00,운양,걸포북변
183,20:12:00,20:15:00,걸포북변,사우
183,20:15:00,20:18:00,사우,풍무
183,20:18:00,20:22:00,풍무,고촌
183,20:22:00,20:29:00,고촌,김포공항
184,20:01:00,20:04:00,양촌,구래
184,20:04:00,20:07:00,구래,마산
184,20:07:00,20:11:00,마산,장기
184,20:11:00,20:13:00,장기,운양
184,20:13:00,20:17:00,운양,걸포북변
184,20:17:00,20:20:00,걸포북변,사우
184,20:20:00,20:23:00,사우,풍무
184,20:23:00,20:27:00,풍무,고촌
184,20:27:00,20:34:00,고촌,김포공항
185,20:06:00,20:09:00,양촌,구래
185,20:09:00,20:12:00,구래,마산
185,20:12:00,20:16:00,마산,장기
185,20:16:00,20:18:00,장기,운양
185,20:18:00,20:22:00,운양,걸포북변
185,20:22:00,20:25:00,걸포북변,사우
185,20:25:00,20:28:00,사우,풍무
185,20:28:00,20:32:00,풍무,고촌
185,20:32:00,20:39:00,고촌,김포공항
186,20:11:00,20:14:00,양촌,구래
186,20:14:00,20:17:00,구래,마산
186,20:17:00,20:21:00,마산,장기
186,20:21:00,20:23:00,장기,운양
186,20:23:00,20:27:00,운양,걸포북변
186,20:27:00,20:30:00,걸포북변,사우
186,20:30:00,20:33:00,사우,풍무
186,20:33:00,20:37:00,풍무,고촌
186,20:37:00,20:44:00,고촌,김포공항
187,20:16:00,20:19:00,양촌,구래
187,20:19:00,20:22:00,구래,마산
187,20:22:00,20:26:00,마산,장기
187,20:26:00,20:28:00,장기,운양
187,20:28:00,20:32:00,운양,걸포북변
187,20:32:00,20:35:00,걸포북변,사우
187,20:35:00,20:38:00,사우,풍무
187,20:38:00,20:42:00,풍무,고촌
187,20:42:00,20:49:00,고촌,김포공항
188,20:21:00,20:24:00,양촌,구래
188,20:24:00,20:27:00,구래,마산
188,20:27:00,20:31:00,마산,장기
188,20:31:00,20:33:00,장기,운양
188,20:33:00,20:37:00,운양,걸포북변
188,20:37:00,20:40:00,걸포북변,사우
188,20:40:00,20:43:00,사우,풍무
188,20:43:00,20:47:00,풍무,고촌
188,20:47:00,20:54:00,고촌,김포공항
189,20:26:00,20:29:00,양촌,구래
189,20:29:00,20:32:00,구래,마산
189,20:32:00,20:36:00,마산,장기
189,20:36:00,20:38:00,장기,운양
189,20:38:00,20:42:00,운양,걸포북변
189,20:42:00,20:45:00,걸포북변,사우
189,20:45:00,20:48:00,사우,풍무
189,20:48:00,20:52:00,풍무,고촌
189,20:52:00,20:59:00,고촌,김포공항
190,20:31:00,20:34:00,양촌,구래
190,20:34:00,20:37:00,구래,마산
190,20:37:00,20:41:00,마산,장기
190,20:41:00,20:43:00,장기,운양
190,20:43:00,20:47:00,운양,걸포북변
190,20:47:00,20:50:00,걸포북변,사우
190,20:50:00,20:53:00,사우,풍무
190,20:53:00,20:57:00,풍무,고촌
190,20:57:00,21:04:00,고촌,김포공항
191,20:36:00,20:39:00,양촌,구래
191,20:39:00,20:42:00,구래,마산
191,20:42:00,20:46:00,마산,장기
191,20:46:00,20:48:00,장기,운양
191,20:48:00,20:52:00,운양,걸포북변
191,20:52:00,20:55:00,걸포북변,사우
191,20:55:00,20:58:00,사우,풍무
191,20:58:00,21:02:00,풍무,고촌
191,21:02:00,21:09:00,고촌,김포공항
192,20:42:00,20:45:00,양촌,구래
192,20:45:00,20:48:00,구래,마산
192,20:48:00,20:52:00,마산,장기
192,20:52:00,20:54:00,장기,운양
192,20:54:00,20:58:00,운양,걸포북변
192,20:58:00,21:01:00,걸포북변,사우
192,21:01:00,21:04:00,사우,풍무
192,21:04:00,21:08:00,풍무,고촌
192,21:08:00,21:15:00,고촌,김포공항
193,20:48:00,20:51:00,양촌,구래
193,20:51:00,20:54:00,구래,마산
193,20:54:00,20:58:00,마산,장기
193,20:58:00,21:00:00,장기,운양
193,21:00:00,21:04:00,운양,걸포북변
193,21:04:00,21:07:00,걸포북변,사우
193,21:07:00,21:10:00,사우,풍무
193,21:10:00,21:14:00,풍무,고촌
193,21:14:00,21:21:00,고촌,김포공항
194,20:54:00,20:57:00,양촌,구래
194,20:57:00,21:00:00,구래,마산
194,21:00:00,21:04:00,마산,장기
194,21:04:00,21:06:00,장기,운양
194,21:06:00,21:10:00,운양,걸포북변
194,21:10:00,21:13:00,걸포북변,사우
194,21:13:00,21:16:00,사우,풍무
194,21:16:00,21:20:00,풍무,고촌
194,21:20:00,21:27:00,고촌,김포공항
195,21:00:00,21:03:00,양촌,구래
195,21:03:00,21:06:00,구래,마산
195,21:06:00,21:10:00,마산,장기
195,21:10:00,21:12:00,장기,운양
195,21:12:00,21:16:00,운양,걸포북변
195,21:16:00,21:19:00,걸포북변,사우
195,21:19:00,21:22:00,사우,풍무
195,21:22:00,21:26:00,풍무,고촌
195,21:26:00,21:33:00,고촌,김포공항
196,21:06:00,21:09:00,양촌,구래
196,21:09:00,21:12:00,구래,마산
196,21:12:00,21:16:00,마산,장기
196,21:16:00,21:18:00,장기,운양
196,21:18:00,21:22:00,운양,걸포북변
196,21:22:00,21:25:00,걸포북변,사우
196,21:25:00,21:28:00,사우,풍무
196,21:28:00,21:32:00,풍무,고촌
196,21:32:00,21:39:00,고촌,김포공항
197,21:12:00,21:15:00,양촌,구래
197,21:15:00,21:18:00,구래,마산
197,21:18:00,21:22:00,마산,장기
197,21:22:00,21:24:00,장기,운양
197,21:24:00,21:28:00,운양,걸포북변
197,21:28:00,21:31:00,걸포북변,사우
197,21:31:00,21:34:00,사우,풍무
197,21:34:00,21:38:00,풍무,고촌
197,21:38:00,21:45:00,고촌,김포공항
198,21:18:00,21:21:00,양촌,구래
198,21:21:00,21:24:00,구래,마산
198,21:24:00,21:28:00,마산,장기
198,21:28:00,21:30:00,장기,운양
198,21:30:00,21:34:00,운양,걸포북변
198,21:34:00,21:37:00,걸포북변,사우
198,21:37:00,21:40:00,사우,풍무
198,21:40:00,21:44:00,풍무,고촌
198,21:44:00,21:51:00,고촌,김포공항
199,21:24:00,21:27:00,양촌,구래
199,21:27:00,21:30:00,구래,마산
199,21:30:00,21:34:00,마산,장기
199,21:34:00,21:36:00,장기,운양
199,21:36:00,21:40:00,운양,걸포북변
199,21:40:00,21:43:00,걸포북변,사우
199,21:43:00,21:46:00,사우,풍무
199,21:46:00,21:50:00,풍무,고촌
199,21:50:00,21:57:00,고촌,김포공항
200,21:30:00,21:33:00,양촌,구래
200,21:33:00,21:36:00,구래,마산
200,21:36:00,21:40:00,마산,장기
200,21:40:00,21:42:00,장기,운양
200,21:42:00,21:46:00,운양,걸포북변
200,21:46:00,21:49:00,걸포북변,사우
200,21:49:00,21:52:00,사우,풍무
200,21:52:00,21:56:00,풍무,고촌
200,21:56:00,22:03:00,고촌,김포공항
201,21:36:00,21:39:00,양촌,구래
201,21:39:00,21:42:00,구래,마산
201,21:42:00,21:46:00,마산,장기
201,21:46:00,21:48:00,장기,운양
201,21:48:00,21:52:00,운양,걸포북변
201,21:52:00,21:55:00,걸포북변,사우
201,21:55:00,21:58:00,사우,풍무
201,21:58:00,22:02:00,풍무,고촌
201,22:02:00,22:09:00,고촌,김포공항
202,21:42:00,21:45:00,양촌,구래
202,21:45:00,21:48:00,구래,마산
202,21:48:00,21:52:00,마산,장기
202,21:52:00,21:54:00,장기,운양
202,21:54:00,21:58:00,운양,걸포북변
202,21:58:00,22:01:00,걸포북변,사우
202,22:01:00,22:04:00,사우,풍무
202,22:04:00,22:08:00,풍무,고촌
202,22:08:00,22:15:00,고촌,김포공항
203,21:48:00,21:51:00,양촌,구래
203,21:51:00,21:54:00,구래,마산
203,21:54:00,21:58:00,마산,장기
203,21:58:00,22:00:00,장기,운양
203,22:00:00,22:04:00,운양,걸포북변
203,22:04:00,22:07:00,걸포북변,사우
203,22:07:00,22:10:00,사우,풍무
203,22:10:00,22:14:00,풍무,고촌
203,22:14:00,22:21:00,고촌,김포공항
204,21:54:00,21:57:00,양촌,구래
204,21:57:00,22:00:00,구래,마산
204,22:00:00,22:04:00,마산,장기
204,22:04:00,22:06:00,장기,운양
204,22:06:00,22:10:00,운양,걸포북변
204,22:10:00,22:13:00,걸포북변,사우
204,22:13:00,22:16:00,사우,풍무
204,22:16:00,22:20:00,풍무,고촌
204,22:20:00,22:27:00,고촌,김포공항
205,22:00:00,22:03:00,양촌,구래
205,22:03:00,22:06:00,구래,마산
205,22:06:00,22:10:00,마산,장기
205,22:10:00,22:12:00,장기,운양
205,22:12:00,22:16:00,운양,걸포북변
205,22:16:00,22:19:00,걸포북변,사우
205,22:19:00,22:22:00,사우,풍무
205,22:22:00,22:26:00,풍무,고촌
205,22:26:00,22:33:00,고촌,김포공항
206,22:06:00,22:09:00,양촌,구래
206,22:09:00,22:12:00,구래,마산
206,22:12:00,22:16:00,마산,장기
206,22:16:00,22:18:00,장기,운양
206,22:18:00,22:22:00,운양,걸포북변
206,22:22:00,22:25:00,걸포북변,사우
206,22:25:00,22:28:00,사우,풍무
206,22:28:00,22:32:00,풍무,고촌
206,22:32:00,22:39:00,고촌,김포공항
207,22:12:00,22:15:00,양촌,구래
207,22:15:00,22:18:00,구래,마산
207,22:18:00,22:22:00,마산,장기
207,22:22:00,22:24:00,장기,운양
207,22:24:00,22:28:00,운양,걸포북변
207,22:28:00,22:31:00,걸포북변,사우
207,22:31:00,22:34:00,사우,풍무
207,22:34:00,22:38:00,풍무,고촌
207,22:38:00,22:45:00,고촌,김포공항
208,22:18:00,22:21:00,양촌,구래
208,22:21:00,22:24:00,구래,마산
208,22:24:00,22:28:00,마산,장기
208,22:28:00,22:30:00,장기,운양
208,22:30:00,22:34:00,운양,걸포북변
208,22:34:00,22:37:00,걸포북변,사우
208,22:37:00,22:40:00,사우,풍무
208,22:40:00,22:44:00,풍무,고촌
208,22:44:00,22:51:00,고촌,김포공항
209,22:24:00,22:27:00,양촌,구래
209,22:27:00,22:30:00,구래,마산
209,22:30:00,22:34:00,마산,장기
209,22:34:00,22:36:00,장기,운양
209,22:36:00,22:40:00,운양,걸포북변
209,22:40:00,22:43:00,걸포북변,사우
209,22:43:00,22:46:00,사우,풍무
209,22:46:00,22:50:00,풍무,고촌
209,22:50:00,22:57:00,고촌,김포공항
210,22:30:00,22:33:00,양촌,구래
210,22:33:00,22:36:00,구래,마산
210,22:36:00,22:40:00,마산,장기
210,22:40:00,22:42:00,장기,운양
210,22:42:00,22:46:00,운양,걸포북변
210,22:46:00,22:49:00,걸포북변,사우
210,22:49:00,22:52:00,사우,풍무
210,22:52:00,22:56:00,풍무,고촌
210,22:56:00,23:03:00,고촌,김포공항
211,22:37:00,22:40:00,양촌,구래
211,22:40:00,22:43:00,구래,마산
211,22:43:00,22:47:00,마산,장기
211,22:47:00,22:49:00,장기,운양
211,22:49:00,22:53:00,운양,걸포북변
211,22:53:00,22:56:00,걸포북변,사우
211,22:56:00,22:59:00,사우,풍무
211,22:59:00,23:03:00,풍무,고촌
211,23:03:00,23:10:00,고촌,김포공항
212,22:44:00,22:47:00,양촌,구래
212,22:47:00,22:50:00,구래,마산
212,22:50:00,22:54:00,마산,장기
212,22:54:00,22:56:00,장기,운양
212,22:56:00,23:00:00,운양,걸포북변
212,23:00:00,23:03:00,걸포북변,사우
212,23:03:00,23:06:00,사우,풍무
212,23:06:00,23:10:00,풍무,고촌
212,23:10:00,23:17:00,고촌,김포공항
213,22:51:00,22:54:00,양촌,구래
213,22:54:00,22:57:00,구래,마산
213,22:57:00,23:01:00,마산,장기
213,23:01:00,23:03:00,장기,운양
213,23:03:00,23:07:00,운양,걸포북변
213,23:07:00,23:10:00,걸포북변,사우
213,23:10:00,23:13:00,사우,풍무
213,23:13:00,23:17:00,풍무,고촌
213,23:17:00,23:24:00,고촌,김포공항
214,22:58:00,23:01:00,양촌,구래
214,23:01:00,23:04:00,구래,마산
214,23:04:00,23:08:00,마산,장기
214,23:08:00,23:10:00,장기,운양
214,23:10:00,23:14:00,운양,걸포북변
214,23:14:00,23:17:00,걸포북변,사우
214,23:17:00,23:20:00,사우,풍무
214,23:20:00,23:24:00,풍무,고촌
214,23:24:00,23:31:00,고촌,김포공항
215,23:05:00,23:08:00,양촌,구래
215,23:08:00,23:11:00,구래,마산
215,23:11:00,23:15:00,마산,장기
215,23:15:00,23:17:00,장기,운양
215,23:17:00,23:21:00,운양,걸포북변
215,23:21:00,23:24:00,걸포북변,사우
215,23:24:00,23:27:00,사우,풍무
215,23:27:00,23:31:00,풍무,고촌
215,23:31:00,23:38:00,고촌,김포공항
216,23:12:00,23:15:00,양촌,구래
216,23:15:00,23:18:00,구래,마산
216,23:18:00,23:22:00,마산,장기
216,23:22:00,23:24:00,장기,운양
216,23:24:00,23:28:00,운양,걸포북변
216,23:28:00,23:31:00,걸포북변,사우
216,23:31:00,23:34:00,사우,풍무
216,23:34:00,23:38:00,풍무,고촌
216,23:38:00,23:45:00,고촌,김포공항
217,23:19:00,23:22:00,양촌,구래
217,23:22:00,23:25:00,구래,마산
217,23:25:00,23:29:00,마산,장기
217,23:29:00,23:31:00,장기,운양
217,23:31:00,23:35:00,운양,걸포북변
217,23:35:00,23:38:00,걸포북변,사우
217,23:38:00,23:41:00,사우,풍무
217,23:41:00,23:45:00,풍무,고촌
217,23:45:00,23:52:00,고촌,김포공항
218,23:26:00,23:29:00,양촌,구래
218,23:29:00,23:32:00,구래,마산
218,23:32:00,23:36:00,마산,장기
218,23:36:00,23:38:00,장기,운양
218,23:38:00,23:42:00,운양,걸포북변
218,23:42:00,23:45:00,걸포북변,사우
218,23:45:00,23:48:00,사우,풍무
218,23:48:00,23:52:00,풍무,고촌
218,23:52:00,23:59:00,고촌,김포공항
219,23:34:00,23:37:00,양촌,구래
219,23:37:00,23:40:00,구래,마산
219,23:40:00,23:44:00,마산,장기
219,23:44:00,23:46:00,장기,운양
219,23:46:00,23:50:00,운양,걸포북변
219,23:50:00,23:53:00,걸포북변,사우
219,23:53:00,23:56:00,사우,풍무
219,23:56:00,00:00:00,풍무,고촌
219,00:00:00,00:07:00,고촌,김포공항
220,23:43:00,23:46:00,양촌,구래
220,23:46:00,23:49:00,구래,마산
220,23:49:00,23:53:00,마산,장기
220,23:53:00,23:55:00,장기,운양
220,23:55:00,23:59:00,운양,걸포북변
220,23:59:00,00:02:00,걸포북변,사우
220,00:02:00,00:05:00,사우,풍무
220,00:05:00,00:09:00,풍무,고촌
220,00:09:00,00:16:00,고촌,김포공항
221,23:53:00,23:56:00,양촌,구래
221,23:56:00,23:59:00,구래,마산
221,23:59:00,00:03:00,마산,장기
221,00:03:00,00:05:00,장기,운양
221,00:05:00,00:09:00,운양,걸포북변
221,00:09:00,00:12:00,걸포북변,사우
221,00:12:00,00:15:00,사우,풍무
221,00:15:00,00:19:00,풍무,고촌
221,00:19:00,00:26:00,고촌,김포공항
222,00:04:00,00:07:00,양촌,구래
222,00:07:00,00:10:00,구래,마산
222,00:10:00,00:14:00,마산,장기
222,00:14:00,00:16:00,장기,운양
222,00:16:00,00:20:00,운양,걸포북변
222,00:20:00,00:23:00,걸포북변,사우
222,00:23:00,00:26:00,사우,풍무
222,00:26:00,00:30:00,풍무,고촌
222,00:30:00,00:37:00,고촌,김포공항
223,00:15:00,00:18:00,양촌,구래
223,00:18:00,00:21:00,구래,마산
223,00:21:00,00:25:00,마산,장기
223,00:25:00,00:27:00,장기,운양
223,00:27:00,00:31:00,운양,걸포북변
223,00:31:00,00:34:00,걸포북변,사우
223,00:34:00,00:37:00,사우,풍무
223,00:37:00,00:41:00,풍무,고촌
223,00:41:00,00:48:00,고촌,김포공항
224,00:26:00,00:29:00,양촌,구래
224,00:29:00,00:32:00,구래,마산
224,00:32:00,00:36:00,마산,장기
224,00:36:00,00:38:00,장기,운양
224,00:38:00,00:42:00,운양,걸포북변
224,00:42:00,00:45:00,걸포북변,사우
224,00:45:00,00:48:00,사우,풍무
224,00:48:00,00:52:00,풍무,고촌
224,00:52:00,00:59:00,고촌,김포공항
