bus_type,start_time,start_station,start_lat,start_lon,start_station_lat,start_station_lon,end_station,end_lat,end_lon,end_station_lat,end_station_lon,direction
70,390,걸포마루공원,37.63324898408673,126.70416872860012,37.632597,126.7035,걸포북변역.국민연금공단,37.63105028836101,126.704760076,37.631468,126.705672,1
70,395,걸포마루공원,37.632718537657986,126.70413847169843,37.632597,126.7035,걸포북변역.국민연금공단,37.63205113783404,126.70569506893652,37.631468,126.705672,1
70,401,걸포마루공원,37.63254512793727,126.70360681151784,37.632597,126.7035,걸포북변역.국민연금공단,37.631402909082226,126.70488554938913,37.631468,126.705672,1
70,406,걸포마루공원,37.632217331222954,126.70303324808529,37.632597,126.7035,걸포북변역.국민연금공단,37.63147666115795,126.70552294649187,37.631468,126.705672,1
70,412,걸포마루공원,37.63196963026462,126.70281161516125,37.632597,126.7035,걸포북변역.국민연금공단,37.63161242898572,126.7046279326654,37.631468,126.705672,1
70,418,걸포마루공원,37.63330455983302,126.7031890918166,37.632597,126.7035,걸포북변역.국민연금공단,37.63196094745784,126.70491453470514,37.631468,126.705672,1
70,423,걸포마루공원,37.63274872303663,126.70332385821578,37.632597,126.7035,걸포북변역.국민연금공단,37.630797681811636,126.70629047061328,37.631468,126.705672,1
70,429,걸포마루공원,37.63252222556306,126.70263767221549,37.632597,126.7035,걸포북변역.국민연금공단,37.6312296837254,126.70658138221252,37.631468,126.705672,1
70,435,걸포마루공원,37.632542707977024,126.70412676006784,37.632597,126.7035,걸포북변역.국민연금공단,37.631979613173584,126.70592388129494,37.631468,126.705672,1
70,440,걸포마루공원,37.63314976794486,126.70359160951529,37.632597,126.7035,걸포북변역.국민연금공단,37.630754099314,126.70625244389645,37.631468,126.705672,1
70,446,걸포마루공원,37.6317924027907,126.70374797201691,37.632597,126.7035,걸포북변역.국민연금공단,37.632293175489295,126.70609756431655,37.631468,126.705672,1
70,451,걸포마루공원,37.631733508783185,126.70364454296138,37.632597,126.7035,걸포북변역.국민연금공단,37.63169724987796,126.7054297069048,37.631468,126.705672,1
70,457,걸포마루공원,37.63304158653141,126.70447555478093,37.632597,126.7035,걸포북변역.국민연금공단,37.63143577255795,126.70484191689341,37.631468,126.705672,1
70,463,걸포마루공원,37.632408847495746,126.70444858157848,37.632597,126.7035,걸포북변역.국민연금공단,37.63203258386957,126.70542235175166,37.631468,126.705672,1
70,468,걸포마루공원,37.63317517287335,126.70264218209091,37.632597,126.7035,걸포북변역.국민연금공단,37.63104982556703,126.70575673025598,37.631468,126.705672,1
70,474,걸포마루공원,37.632649899746056,126.70384986508226,37.632597,126.7035,걸포북변역.국민연금공단,37.63089920865063,126.70654412818523,37.631468,126.705672,1
70,480,걸포마루공원,37.63308433759607,126.70354560451031,37.632597,126.7035,걸포북변역.국민연금공단,37.632196378834195,126.70574708186639,37.631468,126.705672,1
70,390,걸포마루공원,37.632721497469134,126.70240197601824,37.632597,126.7035,풍무역,37.61186159115786,126.73206596569868,37.612075,126.732771,1
70,400,걸포마루공원,37.63325447067993,126.70353707213467,37.632597,126.7035,풍무역,37.61136158650244,126.73248875345696,37.612075,126.732771,1
70,410,걸포마루공원,37.631701819872106,126.70354972216934,37.632597,126.7035,풍무역,37.61283460867336,126.73223938881834,37.612075,126.732771,1
70,420,걸포마루공원,37.632336837921756,126.7030095127678,37.632597,126.7035,풍무역,37.612833200530034,126.73238134890511,37.612075,126.732771,1
70,430,걸포마루공원,37.632436083292,126.70426423586866,37.632597,126.7035,풍무역,37.611706297388395,126.73307406801062,37.612075,126.732771,1
70,440,걸포마루공원,37.63242606743781,126.70274755130458,37.632597,126.7035,풍무역,37.61185163424185,126.73215401581518,37.612075,126.732771,1
70,450,걸포마루공원,37.63282336687965,126.70299249239066,37.632597,126.7035,풍무역,37.61275442654891,126.73226562763706,37.612075,126.732771,1
70,460,걸포마루공원,37.63342400021864,126.70308802774724,37.632597,126.7035,풍무역,37.61232373527865,126.73244711644617,37.612075,126.732771,1
70,470,걸포마루공원,37.631993867471756,126.70318510721546,37.632597,126.7035,풍무역,37.611913376820844,126.7329305488636,37.612075,126.732771,1
70,480,걸포마루공원,37.632395830760956,126.70413861139149,37.632597,126.7035,풍무역,37.61182001525931,126.73269252444221,37.612075,126.732771,1
70,390,걸포마루공원,37.6318063942299,126.7030393105652,37.632597,126.7035,고촌역,37.59999433104607,126.77037633338963,37.6004,126.770752,1
70,397,걸포마루공원,37.63237131886543,126.70351956949068,37.632597,126.7035,고촌역,37.600340262562575,126.7700113300624,37.6004,126.770752,1
70,405,걸포마루공원,37.631831215172575,126.70349915657623,37.632597,126.7035,고촌역,37.59965290543845,126.77103574873884,37.6004,126.770752,1
70,412,걸포마루공원,37.63283681418115,126.7032536560917,37.632597,126.7035,고촌역,37.601215254363254,126.77047380254685,37.6004,126.770752,1
70,420,걸포마루공원,37.631902664185304,126.70366107166801,37.632597,126.7035,고촌역,37.600789743639325,126.77157578427,37.6004,126.770752,1
70,427,걸포마루공원,37.63192064641757,126.70355582691461,37.632597,126.7035,고촌역,37.59962346556004,126.77065562165623,37.6004,126.770752,1
70,435,걸포마루공원,37.632715915209495,126.70415362263023,37.632597,126.7035,고촌역,37.60059446117476,126.77102323822929,37.6004,126.770752,1
70,442,걸포마루공원,37.632575401047326,126.70279070652765,37.632597,126.7035,고촌역,37.59988104515017,126.77130474821841,37.6004,126.770752,1
70,450,걸포마루공원,37.63191590920869,126.70376628997829,37.632597,126.7035,고촌역,37.600743765991396,126.77059288649771,37.6004,126.770752,1
70,457,걸포마루공원,37.63321262331461,126.70328731078295,37.632597,126.7035,고촌역,37.60026345059953,126.76992899589038,37.6004,126.770752,1
70,465,걸포마루공원,37.63285878293645,126.70243822701539,37.632597,126.7035,고촌역,37.59995982289487,126.77089450455865,37.6004,126.770752,1
70,472,걸포마루공원,37.63180974984967,126.70380669234476,37.632597,126.7035,고촌역,37.60004506982157,126.77024775637177,37.6004,126.770752,1
70,480,걸포마루공원,37.63227972496659,126.703903553164,37.632597,126.7035,고촌역,37.60126715915256,126.77080158718498,37.6004,126.770752,1
70,390,걸포마루공원,37.63186782007065,126.70396307154962,37.632597,126.7035,개화역광역환승센터,37.57814427380207,126.79694114294408,37.578385,126.797538,1
70,420,걸포마루공원,37.6319145199476,126.70408290576115,37.632597,126.7035,개화역광역환승센터,37.57878496426255,126.79721692105095,37.578385,126.797538,1
70,450,걸포마루공원,37.632657267361466,126.70308835790728,37.632597,126.7035,개화역광역환승센터,37.578096902202276,126.7971135213492,37.578385,126.797538,1
70,480,걸포마루공원,37.63313094108354,126.70291901660534,37.632597,126.7035,개화역광역환승센터,37.578894763574766,126.79834167877759,37.578385,126.797538,1
70,390,걸포마루공원,37.63263486345573,126.70242592572808,37.632597,126.7035,롯데몰.김포공항역,37.56307608707633,126.80250207676767,37.56234,126.803093,1
70,420,걸포마루공원,37.63291759595388,126.70301144953714,37.632597,126.7035,롯데몰.김포공항역,37.56265121166562,126.80271377785593,37.56234,126.803093,1
70,450,걸포마루공원,37.63308058253954,126.70374113361045,37.632597,126.7035,롯데몰.김포공항역,37.56164936474267,126.80296380305985,37.56234,126.803093,1
70,480,걸포마루공원,37.63285447777971,126.70392314446296,37.632597,126.7035,롯데몰.김포공항역,37.56215279570766,126.80363285942447,37.56234,126.803093,1
70,390,걸포북변역.국민연금공단,37.63160286547656,126.70545375368218,37.631468,126.705672,풍무역,37.61187332129806,126.73177855538464,37.612075,126.732771,1
70,400,걸포북변역.국민연금공단,37.630612567935415,126.70590586146298,37.631468,126.705672,풍무역,37.61131914728554,126.73298219500944,37.612075,126.732771,1
70,410,걸포북변역.국민연금공단,37.63079431273999,126.7060128424232,37.631468,126.705672,풍무역,37.61239409903157,126.73178997703414,37.612075,126.732771,1
70,420,걸포북변역.국민연금공단,37.63111435999962,126.70568378242766,37.631468,126.705672,풍무역,37.611552342962014,126.73257593178745,37.612075,126.732771,1
70,430,걸포북변역.국민연금공단,37.63094019033773,126.70655960111304,37.631468,126.705672,풍무역,37.61233877154673,126.73303075275287,37.612075,126.732771,1
70,440,걸포북변역.국민연금공단,37.631429841033764,126.70651474089544,37.631468,126.705672,풍무역,37.612114070888666,126.73314776582846,37.612075,126.732771,1
70,450,걸포북변역.국민연금공단,37.63147552864796,126.70597584052545,37.631468,126.705672,풍무역,37.61142850947065,126.73308701667493,37.612075,126.732771,1
70,460,걸포북변역.국민연금공단,37.63094889358173,126.70486709873614,37.631468,126.705672,풍무역,37.611358580355976,126.7324420008569,37.612075,126.732771,1
70,470,걸포북변역.국민연금공단,37.6319018012988,126.70518285045718,37.631468,126.705672,풍무역,37.61194777672633,126.73298871316337,37.612075,126.732771,1
70,480,걸포북변역.국민연금공단,37.63216942045967,126.70559329362298,37.631468,126.705672,풍무역,37.612245179020626,126.73271905975069,37.612075,126.732771,1
70,390,걸포북변역.국민연금공단,37.63208040312046,126.70580814374185,37.631468,126.705672,고촌역,37.59986242653906,126.77134369883271,37.6004,126.770752,1
70,397,걸포북변역.국민연금공단,37.63120440684137,126.7066429764997,37.631468,126.705672,고촌역,37.60065690020978,126.77141604253583,37.6004,126.770752,1
70,405,걸포북변역.국민연금공단,37.63176633001545,126.70638672361498,37.631468,126.705672,고촌역,37.60065160213422,126.77052522635772,37.6004,126.770752,1
70,412,걸포북변역.국민연금공단,37.63114674277366,126.7064533867527,37.631468,126.705672,고촌역,37.60108185147008,126.7712938585345,37.6004,126.770752,1
70,420,걸포북변역.국민연금공단,37.631171522706545,126.70530994741158,37.631468,126.705672,고촌역,37.60047916696749,126.77032665434254,37.6004,126.770752,1
70,427,걸포북변역.국민연금공단,37.63152114008055,126.70585034726453,37.631468,126.705672,고촌역,37.59990232444933,126.76990062276946,37.6004,126.770752,1
70,435,걸포북변역.국민연금공단,37.63216968774888,126.70535189046944,37.631468,126.705672,고촌역,37.60100277402594,126.77114714020999,37.6004,126.770752,1
70,442,걸포북변역.국민연금공단,37.631782142680095,126.70478597915678,37.631468,126.705672,고촌역,37.60029217705932,126.77184249441089,37.6004,126.770752,1
70,450,걸포북변역.국민연금공단,37.63125063665902,126.7063269832547,37.631468,126.705672,고촌역,37.60099696827277,126.77115646284179,37.6004,126.770752,1
70,457,걸포북변역.국민연금공단,37.63157859685875,126.70558718364357,37.631468,126.705672,고촌역,37.60031369463783,126.7704157983302,37.6004,126.770752,1
70,465,걸포북변역.국민연금공단,37.63125131109318,126.70460647149787,37.631468,126.705672,고촌역,37.60078670000558,126.76985736807781,37.6004,126.770752,1
70,472,걸포북변역.국민연금공단,37.6314011415636,126.70502790460432,37.631468,126.705672,고촌역,37.599973212423215,126.77156332713032,37.6004,126.770752,1
70,480,걸포북변역.국민연금공단,37.63168193163007,126.7056619109944,37.631468,126.705672,고촌역,37.60067600049844,126.76983842229767,37.6004,126.770752,1
70,390,걸포북변역.국민연금공단,37.631174850959965,126.70630595996512,37.631468,126.705672,개화역광역환승센터,37.57781709716265,126.79752676555185,37.578385,126.797538,1
70,420,걸포북변역.국민연금공단,37.6314949063532,126.70588557155097,37.631468,126.705672,개화역광역환승센터,37.57765650715121,126.79774458651657,37.578385,126.797538,1
70,450,걸포북변역.국민연금공단,37.631319703873636,126.7061477252185,37.631468,126.705672,개화역광역환승센터,37.577738313694255,126.79791342613653,37.578385,126.797538,1
70,480,걸포북변역.국민연금공단,37.63133235070603,126.70505757305403,37.631468,126.705672,개화역광역환승센터,37.57788655204446,126.79828496625005,37.578385,126.797538,1
70,390,걸포북변역.국민연금공단,37.63174915945527,126.70530295564333,37.631468,126.705672,롯데몰.김포공항역,37.56241045646856,126.80248666164833,37.56234,126.803093,1
70,420,걸포북변역.국민연금공단,37.63208015616143,126.70510954328773,37.631468,126.705672,롯데몰.김포공항역,37.56191282532474,126.80310493457222,37.56234,126.803093,1
70,450,걸포북변역.국민연금공단,37.63194493024697,126.70659502579744,37.631468,126.705672,롯데몰.김포공항역,37.5614641483071,126.80287817445286,37.56234,126.803093,1
70,480,걸포북변역.국민연금공단,37.63156933535293,126.70540752091912,37.631468,126.705672,롯데몰.김포공항역,37.56188759713026,126.8031571472022,37.56234,126.803093,1
70,390,풍무역,37.61195618455774,126.73331206522303,37.611934,126.734239,걸포북변역.국민연금공단,37.631160940078736,126.70681258733906,37.631736,126.70624,2
70,399,풍무역,37.6114877236053,126.73372725989515,37.611934,126.734239,걸포북변역.국민연금공단,37.63130132609388,126.70688639162026,37.631736,126.70624,2
70,408,풍무역,37.611841982515024,126.73527048645327,37.611934,126.734239,걸포북변역.국민연금공단,37.63204129280571,126.70685411371608,37.631736,126.70624,2
70,417,풍무역,37.612596947650225,126.73452425320129,37.611934,126.734239,걸포북변역.국민연금공단,37.632228559170095,126.70692426589413,37.631736,126.70624,2
70,426,풍무역,37.6125571806652,126.7345259420819,37.611934,126.734239,걸포북변역.국민연금공단,37.63104869411444,126.70641367138536,37.631736,126.70624,2
70,435,풍무역,37.611866714701534,126.7352513969012,37.611934,126.734239,걸포북변역.국민연금공단,37.631607365370385,126.70576276464895,37.631736,126.70624,2
70,444,풍무역,37.61257400422661,126.73444238657103,37.611934,126.734239,걸포북변역.국민연금공단,37.63198805074176,126.70536329187111,37.631736,126.70624,2
70,453,풍무역,37.61171404534453,126.73432326280012,37.611934,126.734239,걸포북변역.국민연금공단,37.631330011070396,126.70719180748574,37.631736,126.70624,2
70,462,풍무역,37.611921927845934,126.73429013975526,37.611934,126.734239,걸포북변역.국민연금공단,37.63094583940914,126.70583585696416,37.631736,126.70624,2
70,471,풍무역,37.61150848680113,126.73339603807594,37.611934,126.734239,걸포북변역.국민연금공단,37.63233514031778,126.70559038604928,37.631736,126.70624,2
70,480,풍무역,37.61256668455895,126.73433630030851,37.611934,126.734239,걸포북변역.국민연금공단,37.63130725041108,126.70571987053258,37.631736,126.70624,2
70,390,풍무역,37.61213627896404,126.73293262344104,37.612075,126.732771,고촌역,37.59993297834151,126.76987556380195,37.6004,126.770752,1
70,394,풍무역,37.61215492574288,126.73207869784632,37.612075,126.732771,고촌역,37.60006100752272,126.77035981326941,37.6004,126.770752,1
70,399,풍무역,37.61158319548985,126.73363015369908,37.612075,126.732771,고촌역,37.60126636849429,126.7708972313713,37.6004,126.770752,1
70,403,풍무역,37.611896772159106,126.73240910220844,37.612075,126.732771,고촌역,37.60112653316173,126.77027521173102,37.6004,126.770752,1
70,408,풍무역,37.61280193265761,126.73314908863843,37.612075,126.732771,고촌역,37.59996969774973,126.76998158297673,37.6004,126.770752,1
70,412,풍무역,37.61263606069069,126.73322499390324,37.612075,126.732771,고촌역,37.60083273656999,126.7700645522075,37.6004,126.770752,1
70,417,풍무역,37.611722569025275,126.73301962353676,37.612075,126.732771,고촌역,37.60013083693321,126.77085348071414,37.6004,126.770752,1
70,421,풍무역,37.6114967460372,126.73194589394242,37.612075,126.732771,고촌역,37.600309737270535,126.77085529881312,37.6004,126.770752,1
70,426,풍무역,37.61177121924899,126.73324432932228,37.612075,126.732771,고촌역,37.600153241484946,126.77011003644073,37.6004,126.770752,1
70,430,풍무역,37.612353857433675,126.73179791186809,37.612075,126.732771,고촌역,37.600012982317644,126.77176557757493,37.6004,126.770752,1
70,435,풍무역,37.612819234677865,126.73269969812765,37.612075,126.732771,고촌역,37.599595321585454,126.7702862396853,37.6004,126.770752,1
70,439,풍무역,37.61194467398398,126.73275616784115,37.612075,126.732771,고촌역,37.60075701101922,126.76974865230767,37.6004,126.770752,1
70,444,풍무역,37.61158060330246,126.73293041521971,37.612075,126.732771,고촌역,37.60075791652762,126.76972645511239,37.6004,126.770752,1
70,448,풍무역,37.611996676157496,126.73311067865211,37.612075,126.732771,고촌역,37.60004807224237,126.77044430733761,37.6004,126.770752,1
70,453,풍무역,37.61162418213085,126.73314332348536,37.612075,126.732771,고촌역,37.59995013024337,126.76996419733884,37.6004,126.770752,1
70,457,풍무역,37.61196425904131,126.7324468957826,37.612075,126.732771,고촌역,37.600210176819864,126.77160365474049,37.6004,126.770752,1
70,462,풍무역,37.61228219314029,126.73324522514358,37.612075,126.732771,고촌역,37.600299009925166,126.77000816396502,37.6004,126.770752,1
70,466,풍무역,37.61248266325085,126.73207088892964,37.612075,126.732771,고촌역,37.6003225430963,126.77051583935109,37.6004,126.770752,1
70,471,풍무역,37.61186784073338,126.73200520908483,37.612075,126.732771,고촌역,37.60056246511666,126.7702142486765,37.6004,126.770752,1
70,475,풍무역,37.61182928300966,126.73348609510238,37.612075,126.732771,고촌역,37.60023525933216,126.77165307929761,37.6004,126.770752,1
70,480,풍무역,37.612310129519805,126.73311470469386,37.612075,126.732771,고촌역,37.600462680994774,126.77164131308233,37.6004,126.770752,1
70,390,풍무역,37.61269925725332,126.73264269207624,37.612075,126.732771,개화역광역환승센터,37.57792163661432,126.79755513372747,37.578385,126.797538,1
70,412,풍무역,37.6122120872686,126.73196502717127,37.612075,126.732771,개화역광역환승센터,37.57796822215734,126.79671137192747,37.578385,126.797538,1
70,435,풍무역,37.611270358524095,126.73325524610053,37.612075,126.732771,개화역광역환승센터,37.57874949426089,126.79715749093,37.578385,126.797538,1
70,457,풍무역,37.61179078234109,126.73291373787953,37.612075,126.732771,개화역광역환승센터,37.57754203067649,126.7977173850985,37.578385,126.797538,1
70,480,풍무역,37.6120981023746,126.73200569059043,37.612075,126.732771,개화역광역환승센터,37.57841573938019,126.79797164799815,37.578385,126.797538,1
70,390,풍무역,37.61174852925919,126.73381010664706,37.612075,126.732771,롯데몰.김포공항역,37.56310168947624,126.8033491332113,37.56234,126.803093,1
70,412,풍무역,37.61228298354499,126.73245445668825,37.612075,126.732771,롯데몰.김포공항역,37.5618888506226,126.8024693794684,37.56234,126.803093,1
70,435,풍무역,37.61191228683006,126.73198795220777,37.612075,126.732771,롯데몰.김포공항역,37.56215447142486,126.80410563949577,37.56234,126.803093,1
70,457,풍무역,37.611331097471464,126.73245345283502,37.612075,126.732771,롯데몰.김포공항역,37.5616272003649,126.80375864205702,37.56234,126.803093,1
70,480,풍무역,37.61122628709414,126.73283239977513,37.612075,126.732771,롯데몰.김포공항역,37.561526990362935,126.80328658623789,37.56234,126.803093,1
70,390,고촌역,37.60206228509936,126.77106273930552,37.601408,126.770414,걸포북변역.국민연금공단,37.63218664287596,126.70674069315639,37.631736,126.70624,2
70,399,고촌역,37.602220731692356,126.77071927868032,37.601408,126.770414,걸포북변역.국민연금공단,37.63146718376758,126.7065423747877,37.631736,126.70624,2
70,408,고촌역,37.60079644153498,126.77115167448655,37.601408,126.770414,걸포북변역.국민연금공단,37.631185169578636,126.70647460491865,37.631736,126.70624,2
70,417,고촌역,37.60166103817237,126.77035194084715,37.601408,126.770414,걸포북변역.국민연금공단,37.631914950290806,126.706201886582,37.631736,126.70624,2
70,426,고촌역,37.601441311069394,126.77070689909165,37.601408,126.770414,걸포북변역.국민연금공단,37.631767704182536,126.70560812762092,37.631736,126.70624,2
70,435,고촌역,37.60152471960069,126.77008288251466,37.601408,126.770414,걸포북변역.국민연금공단,37.6318723590038,126.70600515696788,37.631736,126.70624,2
70,444,고촌역,37.6021937146196,126.76987944215884,37.601408,126.770414,걸포북변역.국민연금공단,37.632424977946464,126.70566842895771,37.631736,126.70624,2
70,453,고촌역,37.601503725630515,126.7703257985875,37.601408,126.770414,걸포북변역.국민연금공단,37.63192169809369,126.70526559255258,37.631736,126.70624,2
70,462,고촌역,37.60069335622751,126.76977829280467,37.601408,126.770414,걸포북변역.국민연금공단,37.63169072875654,126.70573696106322,37.631736,126.70624,2
70,471,고촌역,37.60078347607988,126.77045078159631,37.601408,126.770414,걸포북변역.국민연금공단,37.631165937021,126.7059687501672,37.631736,126.70624,2
70,480,고촌역,37.60103815477393,126.76948009184663,37.601408,126.770414,걸포북변역.국민연금공단,37.63096277483396,126.70653497601658,37.631736,126.70624,2
70,390,고촌역,37.601083305646256,126.77016048845931,37.601408,126.770414,풍무역,37.612496277506835,126.73501990794479,37.611934,126.734239,2
70,394,고촌역,37.60113187688912,126.77140087650379,37.601408,126.770414,풍무역,37.61233567031899,126.73346877762945,37.611934,126.734239,2
70,398,고촌역,37.60104328795814,126.77050641549735,37.601408,126.770414,풍무역,37.61137428431048,126.73460927376718,37.611934,126.734239,2
70,402,고촌역,37.60104901011589,126.76992761916375,37.601408,126.770414,풍무역,37.61194393744383,126.7353631608626,37.611934,126.734239,2
70,406,고촌역,37.60145387945579,126.77053399677796,37.601408,126.770414,풍무역,37.611794121536036,126.73325338753405,37.611934,126.734239,2
70,410,고촌역,37.60122345850795,126.77028295716858,37.601408,126.770414,풍무역,37.612057892176026,126.73414610884059,37.611934,126.734239,2
70,414,고촌역,37.60192440886458,126.76972254394661,37.601408,126.770414,풍무역,37.6121504266603,126.73526902194762,37.611934,126.734239,2
70,418,고촌역,37.60175144569605,126.77120384335397,37.601408,126.770414,풍무역,37.61168243482353,126.73516066504516,37.611934,126.734239,2
70,422,고촌역,37.60090053192289,126.76975546940237,37.601408,126.770414,풍무역,37.612463476855865,126.73409802502525,37.611934,126.734239,2
70,426,고촌역,37.60091505089076,126.77111253636465,37.601408,126.770414,풍무역,37.61166513477657,126.73399400037691,37.611934,126.734239,2
70,430,고촌역,37.60201047793605,126.76976469356008,37.601408,126.770414,풍무역,37.61228953203104,126.73526626661847,37.611934,126.734239,2
70,435,고촌역,37.60129444503333,126.7710060665115,37.601408,126.770414,풍무역,37.61212763727302,126.73386714036488,37.611934,126.734239,2
70,439,고촌역,37.601429925569924,126.77095641603424,37.601408,126.770414,풍무역,37.612601841783984,126.73459270711159,37.611934,126.734239,2
70,443,고촌역,37.60167479628518,126.77074248663497,37.601408,126.770414,풍무역,37.61190202115663,126.73504073828904,37.611934,126.734239,2
70,447,고촌역,37.60133160526426,126.77139358055055,37.601408,126.770414,풍무역,37.61223935212906,126.73392246823032,37.611934,126.734239,2
70,451,고촌역,37.601504882260784,126.769626709552,37.601408,126.770414,풍무역,37.611813658961125,126.73456956188565,37.611934,126.734239,2
70,455,고촌역,37.60062302715458,126.77017809571916,37.601408,126.770414,풍무역,37.612301170864434,126.73452536546762,37.611934,126.734239,2
70,459,고촌역,37.60196368722217,126.77064842106138,37.601408,126.770414,풍무역,37.611955105506595,126.7341271981252,37.611934,126.734239,2
70,463,고촌역,37.60152135960825,126.77029218816091,37.601408,126.770414,풍무역,37.61222705300252,126.73347046491568,37.611934,126.734239,2
70,467,고촌역,37.60184635856477,126.76956241985823,37.601408,126.770414,풍무역,37.61191586876858,126.7334119602074,37.611934,126.734239,2
70,471,고촌역,37.60202751024676,126.77053486116148,37.601408,126.770414,풍무역,37.61164768071693,126.73340029488,37.611934,126.734239,2
70,475,고촌역,37.60075902146204,126.77049363388036,37.601408,126.770414,풍무역,37.61155346733542,126.73523546184515,37.611934,126.734239,2
70,480,고촌역,37.60155442885265,126.76956183198709,37.601408,126.770414,풍무역,37.61227595688596,126.7342329393157,37.611934,126.734239,2
70,390,고촌역,37.59953994707471,126.77101087461955,37.6004,126.770752,개화역광역환승센터,37.57895906623644,126.79815845716205,37.578385,126.797538,1
70,420,고촌역,37.600081256416985,126.76974623579657,37.6004,126.770752,개화역광역환승센터,37.57866401270516,126.79708612426464,37.578385,126.797538,1
70,450,고촌역,37.59969849499783,126.77048883149882,37.6004,126.770752,개화역광역환승센터,37.57848875942167,126.79643997235699,37.578385,126.797538,1
70,480,고촌역,37.60052617616138,126.77053478870705,37.6004,126.770752,개화역광역환승센터,37.57808213628089,126.79841204571322,37.578385,126.797538,1
70,390,고촌역,37.60090127752416,126.77080840266954,37.6004,126.770752,롯데몰.김포공항역,37.56253996241433,126.80356111215559,37.56234,126.803093,1
70,405,고촌역,37.60027137459072,126.77096829231263,37.6004,126.770752,롯데몰.김포공항역,37.562798231334476,126.80245664741776,37.56234,126.803093,1
70,420,고촌역,37.600864149723684,126.7705691894289,37.6004,126.770752,롯데몰.김포공항역,37.56216018524954,126.80401571364501,37.56234,126.803093,1
70,435,고촌역,37.600792601012174,126.77104241591876,37.6004,126.770752,롯데몰.김포공항역,37.56240925704505,126.8040517939406,37.56234,126.803093,1
70,450,고촌역,37.599853919321745,126.77097349062167,37.6004,126.770752,롯데몰.김포공항역,37.56221368390236,126.80278475665826,37.56234,126.803093,1
70,465,고촌역,37.600466802225725,126.77017489374664,37.6004,126.770752,롯데몰.김포공항역,37.56302127486612,126.80377468323393,37.56234,126.803093,1
70,480,고촌역,37.59986427635146,126.77041828612332,37.6004,126.770752,롯데몰.김포공항역,37.56211519724426,126.80418012254896,37.56234,126.803093,1
70,390,개화역광역환승센터,37.578840431927944,126.79861522483807,37.578229,126.79814,걸포북변역.국민연금공단,37.631552942219905,126.70533472131028,37.631736,126.70624,2
70,420,개화역광역환승센터,37.577628280817926,126.79874309848066,37.578229,126.79814,걸포북변역.국민연금공단,37.631104165019536,126.70638776842343,37.631736,126.70624,2
70,450,개화역광역환승센터,37.57852294146126,126.79859594540798,37.578229,126.79814,걸포북변역.국민연금공단,37.6313985576867,126.70520232394843,37.631736,126.70624,2
70,480,개화역광역환승센터,37.57854115548015,126.79723619336943,37.578229,126.79814,걸포북변역.국민연금공단,37.63089045740997,126.70645317464123,37.631736,126.70624,2
70,390,개화역광역환승센터,37.577884111253454,126.798100123516,37.578229,126.79814,풍무역,37.61235066146024,126.73382325787044,37.611934,126.734239,2
70,402,개화역광역환승센터,37.57833189135496,126.7987648212024,37.578229,126.79814,풍무역,37.611977755325746,126.73355215697116,37.611934,126.734239,2
70,415,개화역광역환승센터,37.577516357922235,126.79753462506297,37.578229,126.79814,풍무역,37.611436349944746,126.7348561253586,37.611934,126.734239,2
70,428,개화역광역환승센터,37.578657273005845,126.79891057223881,37.578229,126.79814,풍무역,37.61257664895058,126.73432465080295,37.611934,126.734239,2
70,441,개화역광역환승센터,37.578340112874,126.79871378641764,37.578229,126.79814,풍무역,37.61238911903425,126.73440868339833,37.611934,126.734239,2
70,454,개화역광역환승센터,37.5777328008564,126.79781161663422,37.578229,126.79814,풍무역,37.611867788729604,126.73407663308488,37.611934,126.734239,2
70,467,개화역광역환승센터,37.5787891450033,126.79752464509923,37.578229,126.79814,풍무역,37.612239217909966,126.7334798046792,37.611934,126.734239,2
70,480,개화역광역환승센터,37.578242206786854,126.7976736176065,37.578229,126.79814,풍무역,37.61160690494071,126.73505726527432,37.611934,126.734239,2
70,390,개화역광역환승센터,37.57818391160172,126.79867167462058,37.578229,126.79814,고촌역,37.60174627640131,126.77100569544774,37.601408,126.770414,2
70,405,개화역광역환승센터,37.57869153005034,126.79800974429303,37.578229,126.79814,고촌역,37.60119567388776,126.77129733281812,37.601408,126.770414,2
70,420,개화역광역환승센터,37.57749680090878,126.79799819343921,37.578229,126.79814,고촌역,37.60083298424666,126.77049418213333,37.601408,126.770414,2
70,435,개화역광역환승센터,37.57875646608882,126.79821236578498,37.578229,126.79814,고촌역,37.601162140249016,126.76982693826808,37.601408,126.770414,2
70,450,개화역광역환승센터,37.57840590896352,126.79758417926023,37.578229,126.79814,고촌역,37.601515785226916,126.77117975987805,37.601408,126.770414,2
70,465,개화역광역환승센터,37.57900336207162,126.79867292709908,37.578229,126.79814,고촌역,37.600724735248356,126.7705823569064,37.601408,126.770414,2
70,480,개화역광역환승센터,37.57824090579639,126.79761276422879,37.578229,126.79814,고촌역,37.60107040814414,126.76971487953634,37.601408,126.770414,2
70,390,개화역광역환승센터,37.57826125500624,126.79648535718205,37.578385,126.797538,롯데몰.김포공항역,37.56161005278022,126.80257992001124,37.56234,126.803093,1
70,420,개화역광역환승센터,37.5778506980644,126.79666382112619,37.578385,126.797538,롯데몰.김포공항역,37.5627194275681,126.80259874688682,37.56234,126.803093,1
70,450,개화역광역환승센터,37.579022766966204,126.79766272289729,37.578385,126.797538,롯데몰.김포공항역,37.562631572410176,126.80221523055968,37.56234,126.803093,1
70,480,개화역광역환승센터,37.57849501190006,126.79667134565135,37.578385,126.797538,롯데몰.김포공항역,37.56208558773322,126.80341532678803,37.56234,126.803093,1
70,390,롯데몰.김포공항역,37.562027269403934,126.8029604642858,37.56234,126.803093,걸포북변역.국민연금공단,37.632139137858516,126.70590426125418,37.631736,126.70624,2
70,420,롯데몰.김포공항역,37.56243686364385,126.8036511499386,37.56234,126.803093,걸포북변역.국민연금공단,37.63172469342982,126.70670236080068,37.631736,126.70624,2
70,450,롯데몰.김포공항역,37.562466040183075,126.8028224304043,37.56234,126.803093,걸포북변역.국민연금공단,37.63202856065092,126.70716769671701,37.631736,126.70624,2
70,480,롯데몰.김포공항역,37.56234486516202,126.80377696230522,37.56234,126.803093,걸포북변역.국민연금공단,37.63158563478719,126.70712256674773,37.631736,126.70624,2
70,390,롯데몰.김포공항역,37.56204498227859,126.80294247818577,37.56234,126.803093,풍무역,37.612420967963345,126.73355728024912,37.611934,126.734239,2
70,402,롯데몰.김포공항역,37.56178605099624,126.80270120262772,37.56234,126.803093,풍무역,37.612792662721176,126.73440636559967,37.611934,126.734239,2
70,415,롯데몰.김포공항역,37.56151070508746,126.8030253519273,37.56234,126.803093,풍무역,37.611241826991375,126.73418962298676,37.611934,126.734239,2
70,428,롯데몰.김포공항역,37.56205143527604,126.80252540547629,37.56234,126.803093,풍무역,37.61267851866493,126.7345258864966,37.611934,126.734239,2
70,441,롯데몰.김포공항역,37.56203947336535,126.80403507038139,37.56234,126.803093,풍무역,37.61177559356993,126.73455036262966,37.611934,126.734239,2
70,454,롯데몰.김포공항역,37.56213333839066,126.80411605793432,37.56234,126.803093,풍무역,37.61167370832337,126.73501815723913,37.611934,126.734239,2
70,467,롯데몰.김포공항역,37.56261981000311,126.80230070247494,37.56234,126.803093,풍무역,37.61209126037995,126.73343459765366,37.611934,126.734239,2
70,480,롯데몰.김포공항역,37.56183558249796,126.80371605149539,37.56234,126.803093,풍무역,37.61171251230253,126.73385050872,37.611934,126.734239,2
70,390,롯데몰.김포공항역,37.56182949171499,126.80302919711538,37.56234,126.803093,고촌역,37.60111739073752,126.77072738225277,37.601408,126.770414,2
70,405,롯데몰.김포공항역,37.56217361196736,126.80350745358348,37.56234,126.803093,고촌역,37.60069905239664,126.76989074863667,37.601408,126.770414,2
70,420,롯데몰.김포공항역,37.56155226116578,126.80340413365056,37.56234,126.803093,고촌역,37.60162160042401,126.77038570510692,37.601408,126.770414,2
70,435,롯데몰.김포공항역,37.56159323617001,126.80341542906977,37.56234,126.803093,고촌역,37.60196998928709,126.76973668734877,37.601408,126.770414,2
70,450,롯데몰.김포공항역,37.56299578143826,126.8033888147913,37.56234,126.803093,고촌역,37.601067807156674,126.77065741515874,37.601408,126.770414,2
70,465,롯데몰.김포공항역,37.56282773942323,126.80335782843346,37.56234,126.803093,고촌역,37.60209588811734,126.77094934508766,37.601408,126.770414,2
70,480,롯데몰.김포공항역,37.56208878728827,126.80382398057655,37.56234,126.803093,고촌역,37.601174120921755,126.7708110618304,37.601408,126.770414,2
70,390,롯데몰.김포공항역,37.56230037851273,126.8040990239663,37.56234,126.803093,개화역광역환승센터,37.57814269416167,126.79727987485634,37.578229,126.79814,2
70,420,롯데몰.김포공항역,37.56184280058199,126.80367448674417,37.56234,126.803093,개화역광역환승센터,37.57899124499542,126.79855050264604,37.578229,126.79814,2
70,450,롯데몰.김포공항역,37.56158954118318,126.80277825549149,37.56234,126.803093,개화역광역환승센터,37.57772914586915,126.79811313596329,37.578229,126.79814,2
70,480,롯데몰.김포공항역,37.561477810720135,126.80291277871898,37.56234,126.803093,개화역광역환승센터,37.57765553162894,126.79807627360982,37.578229,126.79814,2
70A,390,걸포마루공원,37.632248088552295,126.70300581647324,37.632597,126.7035,걸포북변역.국민연금공단,37.6309507341374,126.70615030658483,37.631468,126.705672,1
70A,391,걸포마루공원,37.6332519344174,126.70279981645591,37.632597,126.7035,걸포북변역.국민연금공단,37.630862257613465,126.70505166260743,37.631468,126.705672,1
70A,393,걸포마루공원,37.63250429094789,126.70315572636092,37.632597,126.7035,걸포북변역.국민연금공단,37.631285918081765,126.70504243892455,37.631468,126.705672,1
70A,395,걸포마루공원,37.63217061798717,126.70364256541622,37.632597,126.7035,걸포북변역.국민연금공단,37.63146721106043,126.70633329667383,37.631468,126.705672,1
70A,397,걸포마루공원,37.63289419301671,126.70320836387889,37.632597,126.7035,걸포북변역.국민연금공단,37.631338049614016,126.70668968308004,37.631468,126.705672,1
70A,398,걸포마루공원,37.63321218455845,126.70330014848119,37.632597,126.7035,걸포북변역.국민연금공단,37.630996903705736,126.70534007854302,37.631468,126.705672,1
70A,400,걸포마루공원,37.633033661792744,126.70359665757428,37.632597,126.7035,걸포북변역.국민연금공단,37.63095308706256,126.70552108380151,37.631468,126.705672,1
70A,402,걸포마루공원,37.6324736180381,126.7043845372941,37.632597,126.7035,걸포북변역.국민연금공단,37.63120926869354,126.70568182565096,37.631468,126.705672,1
70A,404,걸포마루공원,37.63226485329805,126.70296953034294,37.632597,126.7035,걸포북변역.국민연금공단,37.63127293410728,126.70524271234974,37.631468,126.705672,1
70A,405,걸포마루공원,37.633316295828614,126.70410904293776,37.632597,126.7035,걸포북변역.국민연금공단,37.63121320558997,126.70538440870307,37.631468,126.705672,1
70A,407,걸포마루공원,37.63219159965631,126.70302419227313,37.632597,126.7035,걸포북변역.국민연금공단,37.631314952235385,126.70465981094867,37.631468,126.705672,1
70A,409,걸포마루공원,37.63316814104267,126.70307332033367,37.632597,126.7035,걸포북변역.국민연금공단,37.630928733150235,126.70587271042356,37.631468,126.705672,1
70A,411,걸포마루공원,37.632280972773934,126.70283011869768,37.632597,126.7035,걸포북변역.국민연금공단,37.631985501311085,126.70550087434624,37.631468,126.705672,1
70A,412,걸포마루공원,37.632340241091896,126.70277509541305,37.632597,126.7035,걸포북변역.국민연금공단,37.6321321344621,126.70510237735282,37.631468,126.705672,1
70A,414,걸포마루공원,37.63215184923113,126.7025246212136,37.632597,126.7035,걸포북변역.국민연금공단,37.63108151133311,126.70575746953924,37.631468,126.705672,1
70A,416,걸포마루공원,37.632928196837405,126.70414480685604,37.632597,126.7035,걸포북변역.국민연금공단,37.63163936178344,126.70599017641017,37.631468,126.705672,1
70A,418,걸포마루공원,37.63274777632197,126.70374279769327,37.632597,126.7035,걸포북변역.국민연금공단,37.63147414708792,126.70588974154931,37.631468,126.705672,1
70A,420,걸포마루공원,37.63305634523257,126.70263637765738,37.632597,126.7035,걸포북변역.국민연금공단,37.63220933361712,126.70559684663003,37.631468,126.705672,1
70A,421,걸포마루공원,37.63298986714493,126.702664096839,37.632597,126.7035,걸포북변역.국민연금공단,37.63161162579751,126.7066796855765,37.631468,126.705672,1
70A,423,걸포마루공원,37.6325978673393,126.70282194963852,37.632597,126.7035,걸포북변역.국민연금공단,37.63186789085851,126.70484508205617,37.631468,126.705672,1
70A,425,걸포마루공원,37.63338771787655,126.70373720127775,37.632597,126.7035,걸포북변역.국민연금공단,37.63191947242484,126.70582502695639,37.631468,126.705672,1
70A,427,걸포마루공원,37.632681990306885,126.70246855525706,37.632597,126.7035,걸포북변역.국민연금공단,37.63080189137012,126.70503623277551,37.631468,126.705672,1
70A,428,걸포마루공원,37.632485466879295,126.70256485020666,37.632597,126.7035,걸포북변역.국민연금공단,37.6315572059614,126.70548846847228,37.631468,126.705672,1
70A,430,걸포마루공원,37.63298373128861,126.70416844510237,37.632597,126.7035,걸포북변역.국민연금공단,37.63118908722946,126.7064447291544,37.631468,126.705672,1
70A,432,걸포마루공원,37.632377769738916,126.70427743155999,37.632597,126.7035,걸포북변역.국민연금공단,37.630708642509056,126.70551402421508,37.631468,126.705672,1
70A,434,걸포마루공원,37.632543698965556,126.70416279869848,37.632597,126.7035,걸포북변역.국민연금공단,37.632308670165486,126.70581669426001,37.631468,126.705672,1
70A,435,걸포마루공원,37.63282075666908,126.70303244180072,37.632597,126.7035,걸포북변역.국민연금공단,37.63157906786394,126.70617046896375,37.631468,126.705672,1
70A,437,걸포마루공원,37.63214308238992,126.70287721554345,37.632597,126.7035,걸포북변역.국민연금공단,37.63088253596393,126.70646231266879,37.631468,126.705672,1
70A,439,걸포마루공원,37.63322125179566,126.70347033513649,37.632597,126.7035,걸포북변역.국민연금공단,37.63126134738391,126.70469866232968,37.631468,126.705672,1
70A,441,걸포마루공원,37.63341098826645,126.70394316680442,37.632597,126.7035,걸포북변역.국민연금공단,37.631806376595684,126.70575174429875,37.631468,126.705672,1
70A,442,걸포마루공원,37.63184325203332,126.70401463778339,37.632597,126.7035,걸포북변역.국민연금공단,37.631043548937456,126.70664326578208,37.631468,126.705672,1
70A,444,걸포마루공원,37.632519558417755,126.70263325282968,37.632597,126.7035,걸포북변역.국민연금공단,37.6319761514463,126.70519700602783,37.631468,126.705672,1
70A,446,걸포마루공원,37.63306723528848,126.70273668732302,37.632597,126.7035,걸포북변역.국민연금공단,37.630831858750234,126.70487479857651,37.631468,126.705672,1
70A,448,걸포마루공원,37.63220759353172,126.70420200559865,37.632597,126.7035,걸포북변역.국민연금공단,37.63071985023272,126.70614329277916,37.631468,126.705672,1
70A,450,걸포마루공원,37.63254133517582,126.70430931451631,37.632597,126.7035,걸포북변역.국민연금공단,37.63065647614957,126.70531276011734,37.631468,126.705672,1
70A,451,걸포마루공원,37.63198260500347,126.70280740606026,37.632597,126.7035,걸포북변역.국민연금공단,37.63227468898752,126.70600693420295,37.631468,126.705672,1
70A,453,걸포마루공원,37.63273471001571,126.70424206273209,37.632597,126.7035,걸포북변역.국민연금공단,37.63089366524092,126.70503638253977,37.631468,126.705672,1
70A,455,걸포마루공원,37.63176783501375,126.70337769260833,37.632597,126.7035,걸포북변역.국민연금공단,37.63100559676091,126.7063320582814,37.631468,126.705672,1
70A,457,걸포마루공원,37.63257156513826,126.70338995511912,37.632597,126.7035,걸포북변역.국민연금공단,37.63092041795672,126.70590573773991,37.631468,126.705672,1
70A,458,걸포마루공원,37.63181057246909,126.70304087089372,37.632597,126.7035,걸포북변역.국민연금공단,37.63193382700276,126.70590314628919,37.631468,126.705672,1
70A,460,걸포마루공원,37.63259826805605,126.70375721620304,37.632597,126.7035,걸포북변역.국민연금공단,37.63203621237427,126.70544213437657,37.631468,126.705672,1
70A,462,걸포마루공원,37.63199163200818,126.70290440653966,37.632597,126.7035,걸포북변역.국민연금공단,37.63215634515483,126.70634744097362,37.631468,126.705672,1
70A,464,걸포마루공원,37.63242361685634,126.70255650077638,37.632597,126.7035,걸포북변역.국민연금공단,37.631615879757696,126.70507612151702,37.631468,126.705672,1
70A,465,걸포마루공원,37.63261168893965,126.70397093957608,37.632597,126.7035,걸포북변역.국민연금공단,37.63168331286995,126.70634540099601,37.631468,126.705672,1
70A,467,걸포마루공원,37.631976326509324,126.70360635108293,37.632597,126.7035,걸포북변역.국민연금공단,37.631280925245065,126.70535896168789,37.631468,126.705672,1
70A,469,걸포마루공원,37.63241965339603,126.70333202588026,37.632597,126.7035,걸포북변역.국민연금공단,37.63194045688499,126.7061719287358,37.631468,126.705672,1
70A,471,걸포마루공원,37.632799773272005,126.70314525895643,37.632597,126.7035,걸포북변역.국민연금공단,37.63106886619675,126.70608058700073,37.631468,126.705672,1
70A,472,걸포마루공원,37.63194676511855,126.70325407525824,37.632597,126.7035,걸포북변역.국민연금공단,37.63179181241528,126.70582706146608,37.631468,126.705672,1
70A,474,걸포마루공원,37.632687268211335,126.70319827479781,37.632597,126.7035,걸포북변역.국민연금공단,37.63092476261033,126.70612310041471,37.631468,126.705672,1
70A,476,걸포마루공원,37.63205048129192,126.70260192036098,37.632597,126.7035,걸포북변역.국민연금공단,37.6310886199486,126.70528722911372,37.631468,126.705672,1
70A,478,걸포마루공원,37.63202991055345,126.70417791696686,37.632597,126.7035,걸포북변역.국민연금공단,37.632147416768866,126.70601642191549,37.631468,126.705672,1
70A,480,걸포마루공원,37.633087364676534,126.70313648237907,37.632597,126.7035,걸포북변역.국민연금공단,37.631991638214615,126.70544966719429,37.631468,126.705672,1
70A,390,걸포마루공원,37.63287153820434,126.70405907359219,37.632597,126.7035,풍무역,37.61171555240327,126.73380326101567,37.612075,126.732771,1
70A,393,걸포마루공원,37.632550391061024,126.70327688656603,37.632597,126.7035,풍무역,37.61198978288224,126.73291452721553,37.612075,126.732771,1
70A,396,걸포마루공원,37.63326197375724,126.70354490226701,37.632597,126.7035,풍무역,37.61147055924316,126.73355468845868,37.612075,126.732771,1
70A,399,걸포마루공원,37.63249816871606,126.7033166704974,37.632597,126.7035,풍무역,37.61272062650386,126.73202849993828,37.612075,126.732771,1
70A,402,걸포마루공원,37.63280896128617,126.70434817537914,37.632597,126.7035,풍무역,37.61124456304111,126.7325087865166,37.612075,126.732771,1
70A,405,걸포마루공원,37.632255150439484,126.70450019163708,37.632597,126.7035,풍무역,37.61129095152589,126.73264908185385,37.612075,126.732771,1
70A,408,걸포마루공원,37.63194051515899,126.70414742875437,37.632597,126.7035,풍무역,37.61263103335121,126.73364102092833,37.612075,126.732771,1
70A,411,걸포마루공원,37.633360608278494,126.70360467154796,37.632597,126.7035,풍무역,37.61185812869542,126.73207881127986,37.612075,126.732771,1
70A,414,걸포마루공원,37.63322963908413,126.70348913187148,37.632597,126.7035,풍무역,37.612909764356296,126.73244301082285,37.612075,126.732771,1
70A,417,걸포마루공원,37.6330699789235,126.70370294839834,37.632597,126.7035,풍무역,37.612013890975746,126.73328336680567,37.612075,126.732771,1
70A,421,걸포마루공원,37.63197705050702,126.70393206088599,37.632597,126.7035,풍무역,37.612311008334345,126.73169553854305,37.612075,126.732771,1
70A,424,걸포마루공원,37.63272723439978,126.7043191194661,37.632597,126.7035,풍무역,37.612539558792484,126.73292427568501,37.612075,126.732771,1
70A,427,걸포마루공원,37.633455387793646,126.70377465939943,37.632597,126.7035,풍무역,37.61200142449635,126.73236428961452,37.612075,126.732771,1
70A,430,걸포마루공원,37.63196922580168,126.70408443413379,37.632597,126.7035,풍무역,37.61243503875413,126.73312041810975,37.612075,126.732771,1
70A,433,걸포마루공원,37.63210468041154,126.70314606495855,37.632597,126.7035,풍무역,37.61214649116553,126.73182664826355,37.612075,126.732771,1
70A,436,걸포마루공원,37.63238956940896,126.70252521731265,37.632597,126.7035,풍무역,37.61188639675803,126.73243674552845,37.612075,126.732771,1
70A,439,걸포마루공원,37.63204870638481,126.70314550427014,37.632597,126.7035,풍무역,37.61186405533603,126.73377487828846,37.612075,126.732771,1
70A,442,걸포마루공원,37.63241771869783,126.70273047650663,37.632597,126.7035,풍무역,37.61184458693459,126.73178878193839,37.612075,126.732771,1
70A,445,걸포마루공원,37.633295460985295,126.7038595226201,37.632597,126.7035,풍무역,37.61253068696271,126.7318762184363,37.612075,126.732771,1
70A,448,걸포마루공원,37.63274053932146,126.70264829412963,37.632597,126.7035,풍무역,37.61175784213152,126.73299450711228,37.612075,126.732771,1
70A,452,걸포마루공원,37.633002042167284,126.70291670715001,37.632597,126.7035,풍무역,37.611858495616985,126.73250422929036,37.612075,126.732771,1
70A,455,걸포마루공원,37.633102425628465,126.70395967656131,37.632597,126.7035,풍무역,37.61241499018029,126.73357161989686,37.612075,126.732771,1
70A,458,걸포마루공원,37.6329455225673,126.70443277290713,37.632597,126.7035,풍무역,37.612265641391495,126.73351593840447,37.612075,126.732771,1
70A,461,걸포마루공원,37.63257086684155,126.70239144903586,37.632597,126.7035,풍무역,37.61133875728125,126.73337884052361,37.612075,126.732771,1
70A,464,걸포마루공원,37.632731080554265,126.7023969312951,37.632597,126.7035,풍무역,37.611597875167696,126.73352491034917,37.612075,126.732771,1
70A,467,걸포마루공원,37.63316934719344,126.70334928150764,37.632597,126.7035,풍무역,37.61288419071546,126.7325630782358,37.612075,126.732771,1
70A,470,걸포마루공원,37.63259258914042,126.70412617002343,37.632597,126.7035,풍무역,37.61249308016511,126.73219620986534,37.612075,126.732771,1
70A,473,걸포마루공원,37.633127249925735,126.70345431862279,37.632597,126.7035,풍무역,37.61146305463155,126.73299235442913,37.612075,126.732771,1
70A,476,걸포마루공원,37.632857236599996,126.7028462334368,37.632597,126.7035,풍무역,37.612164150853104,126.73356622929613,37.612075,126.732771,1
70A,480,걸포마루공원,37.633133191445594,126.70288536549467,37.632597,126.7035,풍무역,37.612071363144246,126.7334966759155,37.612075,126.732771,1
70A,390,걸포마루공원,37.63248707373188,126.7038107354901,37.632597,126.7035,개화역광역환승센터,37.57813038305307,126.79738397483543,37.578385,126.797538,1
70A,396,걸포마루공원,37.63283700355142,126.70437645390547,37.632597,126.7035,개화역광역환승센터,37.57896219201451,126.79761451843514,37.578385,126.797538,1
70A,402,걸포마루공원,37.63320733600219,126.70359081102312,37.632597,126.7035,개화역광역환승센터,37.578658655980824,126.7980647290883,37.578385,126.797538,1
70A,409,걸포마루공원,37.633274299862336,126.70305080736881,37.632597,126.7035,개화역광역환승센터,37.577653959892366,126.79759446491077,37.578385,126.797538,1
70A,415,걸포마루공원,37.6324887046968,126.70300015283098,37.632597,126.7035,개화역광역환승센터,37.57903604482001,126.79678452268791,37.578385,126.797538,1
70A,422,걸포마루공원,37.63215920936956,126.70363486712922,37.632597,126.7035,개화역광역환승센터,37.577760433972536,126.79784423882295,37.578385,126.797538,1
70A,428,걸포마루공원,37.632431572308555,126.7043785750719,37.632597,126.7035,개화역광역환승센터,37.578824698266004,126.7984201044584,37.578385,126.797538,1
70A,435,걸포마루공원,37.6318200944953,126.70309423693936,37.632597,126.7035,개화역광역환승센터,37.57839489261384,126.79796223669864,37.578385,126.797538,1
70A,441,걸포마루공원,37.633133106963484,126.70374823522177,37.632597,126.7035,개화역광역환승센터,37.578436824628284,126.79835038331669,37.578385,126.797538,1
70A,447,걸포마루공원,37.63206453010208,126.70362743325839,37.632597,126.7035,개화역광역환승센터,37.5779348881596,126.79687643723507,37.578385,126.797538,1
70A,454,걸포마루공원,37.632243080477615,126.7035661464306,37.632597,126.7035,개화역광역환승센터,37.57849247653666,126.79760419425723,37.578385,126.797538,1
70A,460,걸포마루공원,37.63322831712046,126.704220054554,37.632597,126.7035,개화역광역환승센터,37.5787483732737,126.7967293442536,37.578385,126.797538,1
70A,467,걸포마루공원,37.63297155511845,126.70409845059825,37.632597,126.7035,개화역광역환승센터,37.57881172408552,126.79851041373851,37.578385,126.797538,1
70A,473,걸포마루공원,37.63290209333911,126.70443528804137,37.632597,126.7035,개화역광역환승센터,37.578653751472544,126.797320754914,37.578385,126.797538,1
70A,480,걸포마루공원,37.63320354947386,126.70394865254238,37.632597,126.7035,개화역광역환승센터,37.577500347744035,126.79748273553209,37.578385,126.797538,1
70A,390,걸포마루공원,37.63194217255347,126.70413872539541,37.632597,126.7035,롯데몰.김포공항역,37.56241839940794,126.8037232810238,37.56234,126.803093,1
70A,396,걸포마루공원,37.63198610829902,126.70389831838882,37.632597,126.7035,롯데몰.김포공항역,37.56264210064394,126.80269843808003,37.56234,126.803093,1
70A,402,걸포마루공원,37.63317093344335,126.70424502275056,37.632597,126.7035,롯데몰.김포공항역,37.56162242707249,126.80304685595767,37.56234,126.803093,1
70A,409,걸포마루공원,37.63245798662264,126.70402290549585,37.632597,126.7035,롯데몰.김포공항역,37.5625894284904,126.80371625832124,37.56234,126.803093,1
70A,415,걸포마루공원,37.63226742735768,126.70270272921577,37.632597,126.7035,롯데몰.김포공항역,37.562032180493496,126.80231392355591,37.56234,126.803093,1
70A,422,걸포마루공원,37.63220174110756,126.70295552028128,37.632597,126.7035,롯데몰.김포공항역,37.562634106293885,126.80204191546429,37.56234,126.803093,1
70A,428,걸포마루공원,37.63234695353023,126.70351242292055,37.632597,126.7035,롯데몰.김포공항역,37.56243998813618,126.80270265664332,37.56234,126.803093,1
70A,435,걸포마루공원,37.63296852079695,126.70343460372749,37.632597,126.7035,롯데몰.김포공항역,37.56202238853059,126.80255622899631,37.56234,126.803093,1
70A,441,걸포마루공원,37.63294849491098,126.70299074149663,37.632597,126.7035,롯데몰.김포공항역,37.56220499420675,126.80200891773427,37.56234,126.803093,1
70A,447,걸포마루공원,37.63330553669699,126.70345826368886,37.632597,126.7035,롯데몰.김포공항역,37.56183019979262,126.80252650914518,37.56234,126.803093,1
70A,454,걸포마루공원,37.63284060912488,126.70452863691744,37.632597,126.7035,롯데몰.김포공항역,37.56227191515508,126.80363004089735,37.56234,126.803093,1
70A,460,걸포마루공원,37.632578565081516,126.70395309189733,37.632597,126.7035,롯데몰.김포공항역,37.56192179601147,126.8027049530986,37.56234,126.803093,1
70A,467,걸포마루공원,37.63196184837995,126.70429733391997,37.632597,126.7035,롯데몰.김포공항역,37.561988809328,126.8028518837388,37.56234,126.803093,1
70A,473,걸포마루공원,37.63325716003329,126.70340895141386,37.632597,126.7035,롯데몰.김포공항역,37.563117365776066,126.80363973513849,37.56234,126.803093,1
70A,480,걸포마루공원,37.632320747137115,126.70417809955364,37.632597,126.7035,롯데몰.김포공항역,37.562612711521545,126.80260329038994,37.56234,126.803093,1
70A,390,걸포북변역.국민연금공단,37.630838590015934,126.70608507607852,37.631468,126.705672,풍무역,37.61273684119079,126.73231594192775,37.612075,126.732771,1
70A,393,걸포북변역.국민연금공단,37.63217964590752,126.70566843609356,37.631468,126.705672,풍무역,37.612547553423774,126.73212353905686,37.612075,126.732771,1
70A,396,걸포북변역.국민연금공단,37.63231042239988,126.70532994468351,37.631468,126.705672,풍무역,37.612872931466434,126.73303736607404,37.612075,126.732771,1
70A,399,걸포북변역.국민연금공단,37.63179255113146,126.70654816622967,37.631468,126.705672,풍무역,37.61168538167243,126.73292504610404,37.612075,126.732771,1
70A,402,걸포북변역.국민연금공단,37.63086141267938,126.706427443429,37.631468,126.705672,풍무역,37.611964593703,126.73181662569661,37.612075,126.732771,1
70A,405,걸포북변역.국민연금공단,37.63123534793887,126.70516639358057,37.631468,126.705672,풍무역,37.611890722734046,126.73179927290266,37.612075,126.732771,1
70A,408,걸포북변역.국민연금공단,37.630804545771,126.7055774247419,37.631468,126.705672,풍무역,37.611704789375,126.73197456000595,37.612075,126.732771,1
70A,411,걸포북변역.국민연금공단,37.6313295251171,126.70666036516207,37.631468,126.705672,풍무역,37.61143142468682,126.73303488285794,37.612075,126.732771,1
70A,414,걸포북변역.국민연금공단,37.63234499317362,126.70542275122958,37.631468,126.705672,풍무역,37.61131745596121,126.73259983512953,37.612075,126.732771,1
70A,417,걸포북변역.국민연금공단,37.63204422152535,126.70555268237567,37.631468,126.705672,풍무역,37.61206934571997,126.73279737402972,37.612075,126.732771,1
70A,421,걸포북변역.국민연금공단,37.63235112439084,126.7058012270001,37.631468,126.705672,풍무역,37.61275834057886,126.7334663062834,37.612075,126.732771,1
70A,424,걸포북변역.국민연금공단,37.63231590244556,126.7060288573206,37.631468,126.705672,풍무역,37.61270435133958,126.73247283431229,37.612075,126.732771,1
70A,427,걸포북변역.국민연금공단,37.63170384301087,126.70542834078229,37.631468,126.705672,풍무역,37.61185301813627,126.7330684831961,37.612075,126.732771,1
70A,430,걸포북변역.국민연금공단,37.630811524810916,126.70617788296276,37.631468,126.705672,풍무역,37.61207270442196,126.73310550994175,37.612075,126.732771,1
70A,433,걸포북변역.국민연금공단,37.63099303371714,126.70614707477024,37.631468,126.705672,풍무역,37.61208294347618,126.73261002901299,37.612075,126.732771,1
70A,436,걸포북변역.국민연금공단,37.63132359325369,126.70460587608915,37.631468,126.705672,풍무역,37.61154490333717,126.73354456321083,37.612075,126.732771,1
70A,439,걸포북변역.국민연금공단,37.63101410494266,126.70596788433883,37.631468,126.705672,풍무역,37.612642104983045,126.73294181246146,37.612075,126.732771,1
70A,442,걸포북변역.국민연금공단,37.631651600511844,126.70532127199073,37.631468,126.705672,풍무역,37.612471253526046,126.73303884288646,37.612075,126.732771,1
70A,445,걸포북변역.국민연금공단,37.6319150339571,126.7050127662159,37.631468,126.705672,풍무역,37.61286844956798,126.73251986775664,37.612075,126.732771,1
70A,448,걸포북변역.국민연금공단,37.63201694824725,126.70632688539459,37.631468,126.705672,풍무역,37.61221636558994,126.73190855357642,37.612075,126.732771,1
70A,452,걸포북변역.국민연금공단,37.631618452109144,126.7053325427733,37.631468,126.705672,풍무역,37.61214314741915,126.73252420992331,37.612075,126.732771,1
70A,455,걸포북변역.국민연금공단,37.63142756252172,126.70632429993819,37.631468,126.705672,풍무역,37.61133001884194,126.73306254395331,37.612075,126.732771,1
70A,458,걸포북변역.국민연금공단,37.63086783335736,126.70573825738059,37.631468,126.705672,풍무역,37.611754849434696,126.73295879527244,37.612075,126.732771,1
70A,461,걸포북변역.국민연금공단,37.63121438687051,126.70548947853761,37.631468,126.705672,풍무역,37.61193051019718,126.73368566029212,37.612075,126.732771,1
70A,464,걸포북변역.국민연금공단,37.63174500851267,126.70596024400879,37.631468,126.705672,풍무역,37.61276879790077,126.73292452683023,37.612075,126.732771,1
70A,467,걸포북변역.국민연금공단,37.63201617532546,126.70631139666996,37.631468,126.705672,풍무역,37.611526946558584,126.73269316721274,37.612075,126.732771,1
70A,470,걸포북변역.국민연금공단,37.63202440551792,126.70557640366059,37.631468,126.705672,풍무역,37.61221446756007,126.73202477910975,37.612075,126.732771,1
70A,473,걸포북변역.국민연금공단,37.632069979316434,126.70535036040485,37.631468,126.705672,풍무역,37.61118086868287,126.73277929612956,37.612075,126.732771,1
70A,476,걸포북변역.국민연금공단,37.63147064967183,126.70558599107875,37.631468,126.705672,풍무역,37.611631805739805,126.73223240946014,37.612075,126.732771,1
70A,480,걸포북변역.국민연금공단,37.63132639381415,126.70492220924086,37.631468,126.705672,풍무역,37.612231773012006,126.73213914828263,37.612075,126.732771,1
70A,390,걸포북변역.국민연금공단,37.63195821778878,126.70656089987601,37.631468,126.705672,개화역광역환승센터,37.577886270784596,126.79704101691736,37.578385,126.797538,1
70A,396,걸포북변역.국민연금공단,37.631874548840976,126.7066242875385,37.631468,126.705672,개화역광역환승센터,37.577958171959104,126.79723847380836,37.578385,126.797538,1
70A,402,걸포북변역.국민연금공단,37.63101606852598,126.70551075274477,37.631468,126.705672,개화역광역환승센터,37.578002158601464,126.79730173303028,37.578385,126.797538,1
70A,409,걸포북변역.국민연금공단,37.63089224161851,126.7063246235033,37.631468,126.705672,개화역광역환승센터,37.578431449017415,126.79688361631712,37.578385,126.797538,1
70A,415,걸포북변역.국민연금공단,37.630852052437405,126.70624034687212,37.631468,126.705672,개화역광역환승센터,37.5778688852491,126.7980433586099,37.578385,126.797538,1
70A,422,걸포북변역.국민연금공단,37.631383893023624,126.70474533134484,37.631468,126.705672,개화역광역환승센터,37.578731773792974,126.79809682291058,37.578385,126.797538,1
70A,428,걸포북변역.국민연금공단,37.63064372689489,126.7056282744787,37.631468,126.705672,개화역광역환승센터,37.57802855359142,126.79693513546735,37.578385,126.797538,1
70A,435,걸포북변역.국민연금공단,37.6312508210338,126.70630719797309,37.631468,126.705672,개화역광역환승센터,37.578126264970656,126.79856466056067,37.578385,126.797538,1
70A,441,걸포북변역.국민연금공단,37.63121844404788,126.70582584852195,37.631468,126.705672,개화역광역환승센터,37.578747799218355,126.79826585415866,37.578385,126.797538,1
70A,447,걸포북변역.국민연금공단,37.631906851826855,126.70652023663976,37.631468,126.705672,개화역광역환승센터,37.577922766532176,126.79676283584342,37.578385,126.797538,1
70A,454,걸포북변역.국민연금공단,37.6322923083457,126.70591031940805,37.631468,126.705672,개화역광역환승센터,37.57834146551642,126.79864036765812,37.578385,126.797538,1
70A,460,걸포북변역.국민연금공단,37.63113791841571,126.70618041403978,37.631468,126.705672,개화역광역환승센터,37.57866358580937,126.79857198037102,37.578385,126.797538,1
70A,467,걸포북변역.국민연금공단,37.631967612818,126.7063182149882,37.631468,126.705672,개화역광역환승센터,37.578699674326955,126.79662941491802,37.578385,126.797538,1
70A,473,걸포북변역.국민연금공단,37.63107128469287,126.70663511213759,37.631468,126.705672,개화역광역환승센터,37.57803491622724,126.7973309413978,37.578385,126.797538,1
70A,480,걸포북변역.국민연금공단,37.63151620335534,126.70584655633556,37.631468,126.705672,개화역광역환승센터,37.578049669974796,126.79858558799201,37.578385,126.797538,1
70A,390,걸포북변역.국민연금공단,37.632047424221625,126.70595598401108,37.631468,126.705672,롯데몰.김포공항역,37.56276421778534,126.80290157243974,37.56234,126.803093,1
70A,396,걸포북변역.국민연금공단,37.631688272258536,126.7064406695806,37.631468,126.705672,롯데몰.김포공항역,37.56187723020037,126.8026933686969,37.56234,126.803093,1
70A,402,걸포북변역.국민연금공단,37.63144156318037,126.70509185102651,37.631468,126.705672,롯데몰.김포공항역,37.561946129866556,126.80335500625381,37.56234,126.803093,1
70A,409,걸포북변역.국민연금공단,37.63100496162943,126.70515871041552,37.631468,126.705672,롯데몰.김포공항역,37.56235103337554,126.80329501484586,37.56234,126.803093,1
70A,415,걸포북변역.국민연금공단,37.63197752917,126.70572404455517,37.631468,126.705672,롯데몰.김포공항역,37.56246828482905,126.80392564216986,37.56234,126.803093,1
70A,422,걸포북변역.국민연금공단,37.63129461914457,126.70518982666192,37.631468,126.705672,롯데몰.김포공항역,37.56261447909869,126.80345497145917,37.56234,126.803093,1
70A,428,걸포북변역.국민연금공단,37.63183380392937,126.70508719004941,37.631468,126.705672,롯데몰.김포공항역,37.562270698589074,126.80415602331834,37.56234,126.803093,1
70A,435,걸포북변역.국민연금공단,37.632232351633384,126.70537998261837,37.631468,126.705672,롯데몰.김포공항역,37.56268446324199,126.80289206517004,37.56234,126.803093,1
70A,441,걸포북변역.국민연금공단,37.63184722552551,126.70659471270875,37.631468,126.705672,롯데몰.김포공항역,37.56220092397857,126.80247544040998,37.56234,126.803093,1
70A,447,걸포북변역.국민연금공단,37.63226136836472,126.70559371550046,37.631468,126.705672,롯데몰.김포공항역,37.56302690847035,126.8028560631713,37.56234,126.803093,1
70A,454,걸포북변역.국민연금공단,37.6317406355145,126.70566022288713,37.631468,126.705672,롯데몰.김포공항역,37.56167369042792,126.80300105840509,37.56234,126.803093,1
70A,460,걸포북변역.국민연금공단,37.63217141369434,126.70545257745749,37.631468,126.705672,롯데몰.김포공항역,37.56260399415249,126.80229921674739,37.56234,126.803093,1
70A,467,걸포북변역.국민연금공단,37.631672341710335,126.7057510077479,37.631468,126.705672,롯데몰.김포공항역,37.56195471164785,126.80365331922643,37.56234,126.803093,1
70A,473,걸포북변역.국민연금공단,37.63109958569769,126.70596880639748,37.631468,126.705672,롯데몰.김포공항역,37.562938753375896,126.80251105204708,37.56234,126.803093,1
70A,480,걸포북변역.국민연금공단,37.6317082641923,126.70662965435632,37.631468,126.705672,롯데몰.김포공항역,37.562785046636385,126.80324992611305,37.56234,126.803093,1
70A,390,풍무역,37.611821396476884,126.73209243560557,37.612075,126.732771,개화역광역환승센터,37.57912433971027,126.79789550180134,37.578385,126.797538,1
70A,395,풍무역,37.6121212160666,126.73359299273271,37.612075,126.732771,개화역광역환승센터,37.577836229467444,126.79825537245527,37.578385,126.797538,1
70A,400,풍무역,37.612347825101025,126.73285512574435,37.612075,126.732771,개화역광역환승센터,37.57893497252787,126.79742981801698,37.578385,126.797538,1
70A,405,풍무역,37.61253600926274,126.73242333769181,37.612075,126.732771,개화역광역환승센터,37.57821203798998,126.79673375504477,37.578385,126.797538,1
70A,411,풍무역,37.61205834128106,126.73210869582454,37.612075,126.732771,개화역광역환승센터,37.577937656086064,126.79838977082596,37.578385,126.797538,1
70A,416,풍무역,37.61227826040618,126.73286765502435,37.612075,126.732771,개화역광역환승센터,37.57880062672215,126.7971106211595,37.578385,126.797538,1
70A,421,풍무역,37.61248425753115,126.73299444383747,37.612075,126.732771,개화역광역환승센터,37.579043553611044,126.79785858142392,37.578385,126.797538,1
70A,427,풍무역,37.611577474668195,126.73209827634598,37.612075,126.732771,개화역광역환승센터,37.578877034220255,126.79740118672123,37.578385,126.797538,1
70A,432,풍무역,37.61259989796584,126.7326788018207,37.612075,126.732771,개화역광역환승센터,37.57844901939257,126.79847895230587,37.578385,126.797538,1
70A,437,풍무역,37.61266048091425,126.73324815568346,37.612075,126.732771,개화역광역환승센터,37.57800365161683,126.79680001277806,37.578385,126.797538,1
70A,442,풍무역,37.612177593831454,126.73344057451216,37.612075,126.732771,개화역광역환승센터,37.578002461803,126.79656465011463,37.578385,126.797538,1
70A,448,풍무역,37.612019718803985,126.73351866197017,37.612075,126.732771,개화역광역환승센터,37.57876153652108,126.7967596116918,37.578385,126.797538,1
70A,453,풍무역,37.612947005523765,126.73290843805736,37.612075,126.732771,개화역광역환승센터,37.57865852188612,126.7976644215236,37.578385,126.797538,1
70A,458,풍무역,37.61167271536604,126.73184654650376,37.612075,126.732771,개화역광역환승센터,37.578143560149655,126.79806066216797,37.578385,126.797538,1
70A,464,풍무역,37.61158482286541,126.73212058586778,37.612075,126.732771,개화역광역환승센터,37.5778681548686,126.79717744474775,37.578385,126.797538,1
70A,469,풍무역,37.61204983981964,126.73339820991868,37.612075,126.732771,개화역광역환승센터,37.57831748654273,126.79671619348682,37.578385,126.797538,1
70A,474,풍무역,37.61192084743313,126.73166926757804,37.612075,126.732771,개화역광역환승센터,37.57825354698462,126.79853783454331,37.578385,126.797538,1
70A,480,풍무역,37.61142772290112,126.73241114152826,37.612075,126.732771,개화역광역환승센터,37.57784787317727,126.79778404969247,37.578385,126.797538,1
70A,390,풍무역,37.61134075330558,126.7331326744305,37.612075,126.732771,롯데몰.김포공항역,37.56276585030318,126.80303709166445,37.56234,126.803093,1
70A,395,풍무역,37.61240072439593,126.7329581896324,37.612075,126.732771,롯데몰.김포공항역,37.56165313531615,126.8033310740032,37.56234,126.803093,1
70A,400,풍무역,37.611397597551054,126.73340564280572,37.612075,126.732771,롯데몰.김포공항역,37.56271578274579,126.80378809815632,37.56234,126.803093,1
70A,405,풍무역,37.61170904333116,126.73330076725358,37.612075,126.732771,롯데몰.김포공항역,37.56227717242045,126.80417567933586,37.56234,126.803093,1
70A,411,풍무역,37.611853334969446,126.73339547699103,37.612075,126.732771,롯데몰.김포공항역,37.561743834201614,126.80328720641418,37.56234,126.803093,1
70A,416,풍무역,37.612371556434134,126.7323828466227,37.612075,126.732771,롯데몰.김포공항역,37.56173738069433,126.80286123737399,37.56234,126.803093,1
70A,421,풍무역,37.61261639220104,126.73220342073269,37.612075,126.732771,롯데몰.김포공항역,37.562161094266834,126.80367953050819,37.56234,126.803093,1
70A,427,풍무역,37.612095474320384,126.73335509285207,37.612075,126.732771,롯데몰.김포공항역,37.563050881088095,126.80264147749098,37.56234,126.803093,1
70A,432,풍무역,37.6113798037968,126.7332455418252,37.612075,126.732771,롯데몰.김포공항역,37.56221693952841,126.80273593748883,37.56234,126.803093,1
70A,437,풍무역,37.61191352890245,126.73252872836262,37.612075,126.732771,롯데몰.김포공항역,37.56283817120983,126.80279678507425,37.56234,126.803093,1
70A,442,풍무역,37.611272580534816,126.73259202181116,37.612075,126.732771,롯데몰.김포공항역,37.56161871562427,126.80273560005251,37.56234,126.803093,1
70A,448,풍무역,37.61271336916184,126.73230037440403,37.612075,126.732771,롯데몰.김포공항역,37.56225919997627,126.80412948136349,37.56234,126.803093,1
70A,453,풍무역,37.61273128260021,126.73328625865514,37.612075,126.732771,롯데몰.김포공항역,37.562461442468596,126.80256042797787,37.56234,126.803093,1
70A,458,풍무역,37.612548774305296,126.7336369250832,37.612075,126.732771,롯데몰.김포공항역,37.562252745100025,126.8038591565489,37.56234,126.803093,1
70A,464,풍무역,37.61289634319908,126.73308834987738,37.612075,126.732771,롯데몰.김포공항역,37.56281697185293,126.80294410992397,37.56234,126.803093,1
70A,469,풍무역,37.61222828485276,126.73261770020287,37.612075,126.732771,롯데몰.김포공항역,37.56269455744051,126.80365701501117,37.56234,126.803093,1
70A,474,풍무역,37.612329852949586,126.7328893629074,37.612075,126.732771,롯데몰.김포공항역,37.562882678191535,126.80254555858413,37.56234,126.803093,1
70A,480,풍무역,37.61149929490475,126.73267751542336,37.612075,126.732771,롯데몰.김포공항역,37.56195768696647,126.80219708268392,37.56234,126.803093,1
70A,390,개화역광역환승센터,37.57797398417251,126.79765943555536,37.578385,126.797538,롯데몰.김포공항역,37.56312819400453,126.80285030408736,37.56234,126.803093,1
70A,396,개화역광역환승센터,37.578379388011605,126.79837134670126,37.578385,126.797538,롯데몰.김포공항역,37.56266262074669,126.80303188373797,37.56234,126.803093,1
70A,402,개화역광역환승센터,37.57805942641473,126.7977211654139,37.578385,126.797538,롯데몰.김포공항역,37.56174461220612,126.80237214771267,37.56234,126.803093,1
70A,409,개화역광역환승센터,37.57843636581089,126.79755920053002,37.578385,126.797538,롯데몰.김포공항역,37.562571135857006,126.8032695433165,37.56234,126.803093,1
70A,415,개화역광역환승센터,37.577786974485406,126.7979654929498,37.578385,126.797538,롯데몰.김포공항역,37.56218641745027,126.80276626522688,37.56234,126.803093,1
70A,422,개화역광역환승센터,37.57879331343193,126.79712627801928,37.578385,126.797538,롯데몰.김포공항역,37.562642036718856,126.80265442579672,37.56234,126.803093,1
70A,428,개화역광역환승센터,37.579037405781044,126.79775532348881,37.578385,126.797538,롯데몰.김포공항역,37.56302868419546,126.80256237865842,37.56234,126.803093,1
70A,435,개화역광역환승센터,37.5777629193632,126.79719896589893,37.578385,126.797538,롯데몰.김포공항역,37.56245318347346,126.8020293015225,37.56234,126.803093,1
70A,441,개화역광역환승센터,37.57902878461348,126.79707362154902,37.578385,126.797538,롯데몰.김포공항역,37.56208198352445,126.80260613918144,37.56234,126.803093,1
70A,447,개화역광역환승센터,37.57850227799694,126.79796175914207,37.578385,126.797538,롯데몰.김포공항역,37.56170293604761,126.80298781002939,37.56234,126.803093,1
70A,454,개화역광역환승센터,37.57792716231652,126.7970392059551,37.578385,126.797538,롯데몰.김포공항역,37.561791551750346,126.80344126047738,37.56234,126.803093,1
70A,460,개화역광역환승센터,37.57803713140613,126.79664309038102,37.578385,126.797538,롯데몰.김포공항역,37.5629083593191,126.80343779545909,37.56234,126.803093,1
70A,467,개화역광역환승센터,37.57844654791163,126.79705674004008,37.578385,126.797538,롯데몰.김포공항역,37.56252549173705,126.80275421599312,37.56234,126.803093,1
70A,473,개화역광역환승센터,37.57898331806461,126.79717499669295,37.578385,126.797538,롯데몰.김포공항역,37.56256401089033,126.80388919725239,37.56234,126.803093,1
70A,480,개화역광역환승센터,37.57802906135307,126.79791508172475,37.578385,126.797538,롯데몰.김포공항역,37.5624413595094,126.80257910328652,37.56234,126.803093,1
70B,390,걸포마루공원,37.632552858049465,126.70284942529992,37.632597,126.7035,사우역.김포고,37.62051730953436,126.71782750824988,37.621138,126.717114,1
70B,391,걸포마루공원,37.63224023032089,126.70434352576355,37.632597,126.7035,사우역.김포고,37.62155187196632,126.7165738383198,37.621138,126.717114,1
70B,393,걸포마루공원,37.63211765408868,126.70388874581951,37.632597,126.7035,사우역.김포고,37.621045824993516,126.71788055930844,37.621138,126.717114,1
70B,395,걸포마루공원,37.632902357096675,126.70394679607666,37.632597,126.7035,사우역.김포고,37.620985948463854,126.71698208056952,37.621138,126.717114,1
70B,397,걸포마루공원,37.632460324733664,126.7028339168161,37.632597,126.7035,사우역.김포고,37.62099657761356,126.71604634696034,37.621138,126.717114,1
70B,399,걸포마루공원,37.63295483136928,126.7025880795659,37.632597,126.7035,사우역.김포고,37.62158564587078,126.71700819056332,37.621138,126.717114,1
70B,401,걸포마루공원,37.63216901224314,126.704140880645,37.632597,126.7035,사우역.김포고,37.621011058242864,126.7169630442996,37.621138,126.717114,1
70B,403,걸포마루공원,37.63236440626896,126.70356081094585,37.632597,126.7035,사우역.김포고,37.62104577727902,126.71624033993135,37.621138,126.717114,1
70B,405,걸포마루공원,37.63239492255947,126.7034398383596,37.632597,126.7035,사우역.김포고,37.620418139909,126.71702756455026,37.621138,126.717114,1
70B,407,걸포마루공원,37.63211025060056,126.70323509619939,37.632597,126.7035,사우역.김포고,37.62136159874818,126.71701249195911,37.621138,126.717114,1
70B,409,걸포마루공원,37.63217434701392,126.70339286125284,37.632597,126.7035,사우역.김포고,37.62038051233433,126.71708209289778,37.621138,126.717114,1
70B,411,걸포마루공원,37.633058077379935,126.70289970197474,37.632597,126.7035,사우역.김포고,37.621110562485676,126.71808672478319,37.621138,126.717114,1
70B,412,걸포마루공원,37.63218460832199,126.70253848685648,37.632597,126.7035,사우역.김포고,37.621714056510655,126.71759076904794,37.621138,126.717114,1
70B,414,걸포마루공원,37.632460673951606,126.70397936467577,37.632597,126.7035,사우역.김포고,37.6218874289074,126.71723103251078,37.621138,126.717114,1
70B,416,걸포마루공원,37.633179096298946,126.70300357904938,37.632597,126.7035,사우역.김포고,37.62095779555469,126.71670229934053,37.621138,126.717114,1
70B,418,걸포마루공원,37.63198987033635,126.7031420747333,37.632597,126.7035,사우역.김포고,37.62082762361426,126.71707643146735,37.621138,126.717114,1
70B,420,걸포마루공원,37.63196430696077,126.70409992684492,37.632597,126.7035,사우역.김포고,37.62111962811562,126.71641752699803,37.621138,126.717114,1
70B,422,걸포마루공원,37.631838224995775,126.70350181552483,37.632597,126.7035,사우역.김포고,37.620600192416845,126.71797865385238,37.621138,126.717114,1
70B,424,걸포마루공원,37.63194473041552,126.70294178871134,37.632597,126.7035,사우역.김포고,37.62143508593688,126.71684440956997,37.621138,126.717114,1
70B,426,걸포마루공원,37.63315828070957,126.70413584870678,37.632597,126.7035,사우역.김포고,37.62178331627255,126.7169377476876,37.621138,126.717114,1
70B,428,걸포마루공원,37.63290651829849,126.70356448507432,37.632597,126.7035,사우역.김포고,37.62187234825575,126.7165935483984,37.621138,126.717114,1
70B,430,걸포마루공원,37.63248284923801,126.70445058101134,37.632597,126.7035,사우역.김포고,37.62079845426003,126.7181096723131,37.621138,126.717114,1
70B,432,걸포마루공원,37.63230311520042,126.70320446848271,37.632597,126.7035,사우역.김포고,37.62176855606681,126.7167313038666,37.621138,126.717114,1
70B,434,걸포마루공원,37.63229114606667,126.7032617396252,37.632597,126.7035,사우역.김포고,37.6217126640192,126.71668116821165,37.621138,126.717114,1
70B,435,걸포마루공원,37.63184090002192,126.70318689952694,37.632597,126.7035,사우역.김포고,37.62173197077236,126.71679198710972,37.621138,126.717114,1
70B,437,걸포마루공원,37.633218526496115,126.70290571405026,37.632597,126.7035,사우역.김포고,37.62164360110772,126.71698351056828,37.621138,126.717114,1
70B,439,걸포마루공원,37.6324958822782,126.7045549004524,37.632597,126.7035,사우역.김포고,37.621119880876996,126.71645741697671,37.621138,126.717114,1
70B,441,걸포마루공원,37.63223286642462,126.70394151524346,37.632597,126.7035,사우역.김포고,37.62170699264656,126.71673250696543,37.621138,126.717114,1
70B,443,걸포마루공원,37.63343013812487,126.70320450272258,37.632597,126.7035,사우역.김포고,37.62090509761135,126.71649080164482,37.621138,126.717114,1
70B,445,걸포마루공원,37.632288971837454,126.70344717751343,37.632597,126.7035,사우역.김포고,37.62180258868704,126.71653251412563,37.621138,126.717114,1
70B,447,걸포마루공원,37.631949372033446,126.70294744116171,37.632597,126.7035,사우역.김포고,37.62092280575665,126.7175356615904,37.621138,126.717114,1
70B,449,걸포마루공원,37.63244092269823,126.7024738035534,37.632597,126.7035,사우역.김포고,37.621512863049794,126.7165767204884,37.621138,126.717114,1
70B,451,걸포마루공원,37.63174964653962,126.70356092203144,37.632597,126.7035,사우역.김포고,37.620661706767294,126.71724576609789,37.621138,126.717114,1
70B,453,걸포마루공원,37.63288456398835,126.70452654354541,37.632597,126.7035,사우역.김포고,37.620736462821334,126.71758388371863,37.621138,126.717114,1
70B,455,걸포마루공원,37.63186184447884,126.70386146689793,37.632597,126.7035,사우역.김포고,37.621351482155184,126.71718762943466,37.621138,126.717114,1
70B,457,걸포마루공원,37.63323985264423,126.70317239441687,37.632597,126.7035,사우역.김포고,37.62173368148136,126.71734310688372,37.621138,126.717114,1
70B,458,걸포마루공원,37.6324781896002,126.7027664692725,37.632597,126.7035,사우역.김포고,37.62116184018371,126.71640411283163,37.621138,126.717114,1
70B,460,걸포마루공원,37.63217898887792,126.70385514675561,37.632597,126.7035,사우역.김포고,37.621769010736415,126.71680648184086,37.621138,126.717114,1
70B,462,걸포마루공원,37.63281800813234,126.70352947560463,37.632597,126.7035,사우역.김포고,37.62155509606002,126.71684047405768,37.621138,126.717114,1
70B,464,걸포마루공원,37.632907983005914,126.70254606004505,37.632597,126.7035,사우역.김포고,37.62095322376392,126.71751699381994,37.621138,126.717114,1
70B,466,걸포마루공원,37.63273285656706,126.70408302548385,37.632597,126.7035,사우역.김포고,37.6203699733434,126.71688960101001,37.621138,126.717114,1
70B,468,걸포마루공원,37.6324303548202,126.70397098697757,37.632597,126.7035,사우역.김포고,37.620793553023375,126.71815729037168,37.621138,126.717114,1
70B,470,걸포마루공원,37.63224599059557,126.70295531815002,37.632597,126.7035,사우역.김포고,37.6212020385586,126.71770664612131,37.621138,126.717114,1
70B,472,걸포마루공원,37.63253423283333,126.70309197773973,37.632597,126.7035,사우역.김포고,37.62192916247423,126.71702982742119,37.621138,126.717114,1
70B,474,걸포마루공원,37.6320650529622,126.70431178684652,37.632597,126.7035,사우역.김포고,37.621279878229494,126.71756288893292,37.621138,126.717114,1
70B,476,걸포마루공원,37.632062590143285,126.70411424856451,37.632597,126.7035,사우역.김포고,37.6206233196952,126.71638596306991,37.621138,126.717114,1
70B,478,걸포마루공원,37.63176589991577,126.70361153311516,37.632597,126.7035,사우역.김포고,37.620650083308064,126.71619827689004,37.621138,126.717114,1
70B,480,걸포마루공원,37.63225189160977,126.70340392322164,37.632597,126.7035,사우역.김포고,37.620600121657546,126.71784490488673,37.621138,126.717114,1
70B,390,걸포마루공원,37.63217083119371,126.70402782969376,37.632597,126.7035,고촌역,37.599691702553145,126.7704701699758,37.6004,126.770752,1
70B,392,걸포마루공원,37.6323255462022,126.70293997226536,37.632597,126.7035,고촌역,37.59989282322247,126.77031773342567,37.6004,126.770752,1
70B,395,걸포마루공원,37.632833935377896,126.70273891314544,37.632597,126.7035,고촌역,37.60043550222392,126.76987047606455,37.6004,126.770752,1
70B,397,걸포마루공원,37.63313555238084,126.70291273727618,37.632597,126.7035,고촌역,37.601182731274356,126.77092048632743,37.6004,126.770752,1
70B,400,걸포마루공원,37.63220854117096,126.70366356804541,37.632597,126.7035,고촌역,37.60037204731907,126.77035859349071,37.6004,126.770752,1
70B,402,걸포마루공원,37.63342850393881,126.70349430290871,37.632597,126.7035,고촌역,37.599710934141235,126.77119629732809,37.6004,126.770752,1
70B,405,걸포마루공원,37.63222285368274,126.70427124019804,37.632597,126.7035,고촌역,37.60121947962495,126.77089783980558,37.6004,126.770752,1
70B,407,걸포마루공원,37.632260017892264,126.70451511534809,37.632597,126.7035,고촌역,37.60113997971806,126.77107159523531,37.6004,126.770752,1
70B,410,걸포마루공원,37.63298493491617,126.70434503209458,37.632597,126.7035,고촌역,37.60040795385215,126.77079829532795,37.6004,126.770752,1
70B,412,걸포마루공원,37.63211545870099,126.7027759804676,37.632597,126.7035,고촌역,37.60069842726421,126.77024507870955,37.6004,126.770752,1
70B,415,걸포마루공원,37.63210711368833,126.70264028750009,37.632597,126.7035,고촌역,37.60057095720054,126.77132151248472,37.6004,126.770752,1
70B,417,걸포마루공원,37.63186640699348,126.70318307365947,37.632597,126.7035,고촌역,37.60103383572263,126.77053517798471,37.6004,126.770752,1
70B,420,걸포마루공원,37.63319154143813,126.70345727209676,37.632597,126.7035,고촌역,37.600303687037304,126.77024918572563,37.6004,126.770752,1
70B,422,걸포마루공원,37.63213629629548,126.7040848722731,37.632597,126.7035,고촌역,37.59984057430029,126.77095026636023,37.6004,126.770752,1
70B,425,걸포마루공원,37.63319759940271,126.70313010095339,37.632597,126.7035,고촌역,37.600878730808354,126.77047437678978,37.6004,126.770752,1
70B,427,걸포마루공원,37.632716537173664,126.70270327170681,37.632597,126.7035,고촌역,37.6001009565043,126.77065912489373,37.6004,126.770752,1
70B,430,걸포마루공원,37.63193274604992,126.70324936028213,37.632597,126.7035,고촌역,37.600188161017996,126.77128420169632,37.6004,126.770752,1
70B,432,걸포마루공원,37.63283234740026,126.70418773098832,37.632597,126.7035,고촌역,37.60081141508845,126.7702730299008,37.6004,126.770752,1
70B,435,걸포마루공원,37.63202197028662,126.70344670314901,37.632597,126.7035,고촌역,37.600860856821946,126.7710087767713,37.6004,126.770752,1
70B,437,걸포마루공원,37.63332934853726,126.70287712767664,37.632597,126.7035,고촌역,37.59972105586357,126.77145122948876,37.6004,126.770752,1
70B,440,걸포마루공원,37.633414813276445,126.70318288446823,37.632597,126.7035,고촌역,37.60101885866836,126.77047121730465,37.6004,126.770752,1
70B,442,걸포마루공원,37.63220154876701,126.70446994743294,37.632597,126.7035,고촌역,37.6006602702197,126.76975635649103,37.6004,126.770752,1
70B,445,걸포마루공원,37.63274576255168,126.7034730909007,37.632597,126.7035,고촌역,37.60119045754302,126.77094420426795,37.6004,126.770752,1
70B,447,걸포마루공원,37.63333469846869,126.70372650693241,37.632597,126.7035,고촌역,37.60075394706057,126.77095528342734,37.6004,126.770752,1
70B,450,걸포마루공원,37.63316382636293,126.70295609716848,37.632597,126.7035,고촌역,37.6002553023194,126.77160880159202,37.6004,126.770752,1
70B,452,걸포마루공원,37.63304210678093,126.7044694880618,37.632597,126.7035,고촌역,37.59984794391313,126.77098585408338,37.6004,126.770752,1
70B,455,걸포마루공원,37.63299312083802,126.7027119901868,37.632597,126.7035,고촌역,37.60054250089193,126.77016047718965,37.6004,126.770752,1
70B,457,걸포마루공원,37.63213843028444,126.70339735278043,37.632597,126.7035,고촌역,37.600668369133004,126.770751062969,37.6004,126.770752,1
70B,460,걸포마루공원,37.632508002304064,126.70287518609203,37.632597,126.7035,고촌역,37.60088881300579,126.770865922041,37.6004,126.770752,1
70B,462,걸포마루공원,37.63214242378647,126.70318210265928,37.632597,126.7035,고촌역,37.599993396730866,126.7704946083169,37.6004,126.770752,1
70B,465,걸포마루공원,37.632608572995245,126.70295840416753,37.632597,126.7035,고촌역,37.60045470959999,126.77081671079998,37.6004,126.770752,1
70B,467,걸포마루공원,37.63290402669879,126.70305752070584,37.632597,126.7035,고촌역,37.59992898641938,126.7708732531903,37.6004,126.770752,1
70B,470,걸포마루공원,37.63301194797946,126.70332380520996,37.632597,126.7035,고촌역,37.60038498013115,126.76994728136451,37.6004,126.770752,1
70B,472,걸포마루공원,37.632171298838216,126.70303905582841,37.632597,126.7035,고촌역,37.59969439548433,126.7703440894487,37.6004,126.770752,1
70B,475,걸포마루공원,37.63330241085003,126.70404128835811,37.632597,126.7035,고촌역,37.60106841139867,126.77082458878743,37.6004,126.770752,1
70B,477,걸포마루공원,37.631817780076176,126.70354101444705,37.632597,126.7035,고촌역,37.600403778676586,126.77103126080958,37.6004,126.770752,1
70B,480,걸포마루공원,37.63343498330471,126.70317291942781,37.632597,126.7035,고촌역,37.599660616245615,126.77028499454156,37.6004,126.770752,1
70B,390,걸포마루공원,37.633276371107094,126.7034080863646,37.632597,126.7035,개화역광역환승센터,37.57918064223411,126.79707945279142,37.578385,126.797538,1
70B,397,걸포마루공원,37.632996661105906,126.70339249842293,37.632597,126.7035,개화역광역환승센터,37.57903205876573,126.79700070156909,37.578385,126.797538,1
70B,405,걸포마루공원,37.6333887564004,126.70366031541319,37.632597,126.7035,개화역광역환승센터,37.57822082914981,126.79787824355557,37.578385,126.797538,1
70B,412,걸포마루공원,37.63228122496898,126.70244451417783,37.632597,126.7035,개화역광역환승센터,37.578873988522936,126.79688096103983,37.578385,126.797538,1
70B,420,걸포마루공원,37.632121144245744,126.70305306250603,37.632597,126.7035,개화역광역환승센터,37.579170705947796,126.79758620057048,37.578385,126.797538,1
70B,427,걸포마루공원,37.63318388235693,126.70392427242246,37.632597,126.7035,개화역광역환승센터,37.57886938483802,126.79834360109905,37.578385,126.797538,1
70B,435,걸포마루공원,37.63328096634317,126.70282120768694,37.632597,126.7035,개화역광역환승센터,37.578559330048925,126.7977086863548,37.578385,126.797538,1
70B,442,걸포마루공원,37.63196640155622,126.70366144739279,37.632597,126.7035,개화역광역환승센터,37.577753907283366,126.79785702463934,37.578385,126.797538,1
70B,450,걸포마루공원,37.63216718736105,126.70341857807405,37.632597,126.7035,개화역광역환승센터,37.579126504642794,126.79779112506637,37.578385,126.797538,1
70B,457,걸포마루공원,37.632316363424984,126.70310798913172,37.632597,126.7035,개화역광역환승센터,37.57894824828345,126.79732645162066,37.578385,126.797538,1
70B,465,걸포마루공원,37.633194726147124,126.70370217235909,37.632597,126.7035,개화역광역환승센터,37.57791681796092,126.79694397634837,37.578385,126.797538,1
70B,472,걸포마루공원,37.6322958541411,126.70312856197403,37.632597,126.7035,개화역광역환승센터,37.57829024041014,126.79760431567055,37.578385,126.797538,1
70B,480,걸포마루공원,37.631857684540066,126.70371239610834,37.632597,126.7035,개화역광역환승센터,37.57901525705893,126.7978494582876,37.578385,126.797538,1
70B,390,걸포마루공원,37.63304238704043,126.70430079630609,37.632597,126.7035,롯데몰.김포공항역,37.56206976353231,126.80367689135095,37.56234,126.803093,1
70B,397,걸포마루공원,37.63244285829172,126.70336828524931,37.632597,126.7035,롯데몰.김포공항역,37.56199395768709,126.80348802293682,37.56234,126.803093,1
70B,405,걸포마루공원,37.63202667745391,126.70384423968983,37.632597,126.7035,롯데몰.김포공항역,37.562961953319416,126.80383369049028,37.56234,126.803093,1
70B,412,걸포마루공원,37.63219267352187,126.70300386017797,37.632597,126.7035,롯데몰.김포공항역,37.561851003556725,126.80352406411554,37.56234,126.803093,1
70B,420,걸포마루공원,37.6328106200702,126.70291801848546,37.632597,126.7035,롯데몰.김포공항역,37.56266258025784,126.80249545171668,37.56234,126.803093,1
70B,427,걸포마루공원,37.63238707233266,126.70337246280862,37.632597,126.7035,롯데몰.김포공항역,37.56189235548587,126.80228690129104,37.56234,126.803093,1
70B,435,걸포마루공원,37.63279805852521,126.70314104405115,37.632597,126.7035,롯데몰.김포공항역,37.56316740282837,126.80292855604485,37.56234,126.803093,1
70B,442,걸포마루공원,37.6324034848517,126.70441996351623,37.632597,126.7035,롯데몰.김포공항역,37.56297848178553,126.80254993082085,37.56234,126.803093,1
70B,450,걸포마루공원,37.632267151763635,126.70444633994373,37.632597,126.7035,롯데몰.김포공항역,37.561709655353894,126.8024743299212,37.56234,126.803093,1
70B,457,걸포마루공원,37.63201979756941,126.7029146516334,37.632597,126.7035,롯데몰.김포공항역,37.562741073914204,126.80287238535762,37.56234,126.803093,1
70B,465,걸포마루공원,37.631888070632954,126.70367574039864,37.632597,126.7035,롯데몰.김포공항역,37.56157138554975,126.80273184884969,37.56234,126.803093,1
70B,472,걸포마루공원,37.6324530072928,126.70343895258287,37.632597,126.7035,롯데몰.김포공항역,37.56159463712814,126.8026138649704,37.56234,126.803093,1
70B,480,걸포마루공원,37.63343869421042,126.70363543259555,37.632597,126.7035,롯데몰.김포공항역,37.561742518690544,126.80230062194893,37.56234,126.803093,1
70B,390,사우역.김포고,37.62170112735792,126.71777900781747,37.621138,126.717114,고촌역,37.60093584164701,126.77126023261197,37.6004,126.770752,1
70B,392,사우역.김포고,37.62105189139321,126.71758927784495,37.621138,126.717114,고촌역,37.600344159035444,126.77186332794557,37.6004,126.770752,1
70B,395,사우역.김포고,37.62089181765429,126.71667315978166,37.621138,126.717114,고촌역,37.59969908057278,126.77107925414853,37.6004,126.770752,1
70B,397,사우역.김포고,37.621145876154074,126.71753275085119,37.621138,126.717114,고촌역,37.60003090436336,126.77007741838177,37.6004,126.770752,1
70B,400,사우역.김포고,37.62129749159456,126.71681299490336,37.621138,126.717114,고촌역,37.600153204131544,126.76981256276771,37.6004,126.770752,1
70B,402,사우역.김포고,37.621189954555156,126.71598512553186,37.621138,126.717114,고촌역,37.59972635110796,126.770647502731,37.6004,126.770752,1
70B,405,사우역.김포고,37.62160130508931,126.71748927744274,37.621138,126.717114,고촌역,37.59979035500766,126.7711811774365,37.6004,126.770752,1
70B,407,사우역.김포고,37.62166796389075,126.71792390786246,37.621138,126.717114,고촌역,37.59988329391611,126.77086130912953,37.6004,126.770752,1
70B,410,사우역.김포고,37.62120756553057,126.71717514062338,37.621138,126.717114,고촌역,37.60012723580487,126.77107964207511,37.6004,126.770752,1
70B,412,사우역.김포고,37.6208315543032,126.71805869791787,37.621138,126.717114,고촌역,37.59999837728207,126.77162629327596,37.6004,126.770752,1
70B,415,사우역.김포고,37.62046434692079,126.71654920371722,37.621138,126.717114,고촌역,37.59961666165127,126.77116309592571,37.6004,126.770752,1
70B,417,사우역.김포고,37.620959962721464,126.71818303942406,37.621138,126.717114,고촌역,37.60025219624908,126.77119051001776,37.6004,126.770752,1
70B,420,사우역.김포고,37.62083671919908,126.71625581980922,37.621138,126.717114,고촌역,37.60060045816097,126.77073357941671,37.6004,126.770752,1
70B,422,사우역.김포고,37.62138324439481,126.71622843468944,37.621138,126.717114,고촌역,37.59971245481361,126.7706294389145,37.6004,126.770752,1
70B,425,사우역.김포고,37.620900884289185,126.71736097717441,37.621138,126.717114,고촌역,37.601215532625204,126.77040088210461,37.6004,126.770752,1
70B,427,사우역.김포고,37.62130723557743,126.71752372595034,37.621138,126.717114,고촌역,37.60106595894866,126.77055081910711,37.6004,126.770752,1
70B,430,사우역.김포고,37.62063106052008,126.71743633321069,37.621138,126.717114,고촌역,37.59955100489295,126.77067294447481,37.6004,126.770752,1
70B,432,사우역.김포고,37.62134308868172,126.71628461230377,37.621138,126.717114,고촌역,37.60101483494216,126.77000031693058,37.6004,126.770752,1
70B,435,사우역.김포고,37.62126056430315,126.71609938762363,37.621138,126.717114,고촌역,37.60092555337335,126.77133815965844,37.6004,126.770752,1
70B,437,사우역.김포고,37.620667811090456,126.71801859852057,37.621138,126.717114,고촌역,37.60039280034456,126.77061637434997,37.6004,126.770752,1
70B,440,사우역.김포고,37.621300530415304,126.71616050377797,37.621138,126.717114,고촌역,37.60049842717865,126.77028372179464,37.6004,126.770752,1
70B,442,사우역.김포고,37.6212260204989,126.7178278063083,37.621138,126.717114,고촌역,37.6008233132499,126.77084796646882,37.6004,126.770752,1
70B,445,사우역.김포고,37.62051585195404,126.71767337261541,37.621138,126.717114,고촌역,37.60074776215619,126.77126950310608,37.6004,126.770752,1
70B,447,사우역.김포고,37.62078815320001,126.71791931053697,37.621138,126.717114,고촌역,37.599732074344104,126.77067608236216,37.6004,126.770752,1
70B,450,사우역.김포고,37.62156170768597,126.7180087286398,37.621138,126.717114,고촌역,37.60115798179749,126.77071458226081,37.6004,126.770752,1
70B,452,사우역.김포고,37.62172684678885,126.71710695521917,37.621138,126.717114,고촌역,37.60104578695955,126.77131828542284,37.6004,126.770752,1
70B,455,사우역.김포고,37.620452411013396,126.7176824694573,37.621138,126.717114,고촌역,37.601057157541895,126.77023021801607,37.6004,126.770752,1
70B,457,사우역.김포고,37.62099703362493,126.71799017653701,37.621138,126.717114,고촌역,37.60038180783215,126.77164156791703,37.6004,126.770752,1
70B,460,사우역.김포고,37.621063777823764,126.71676450396278,37.621138,126.717114,고촌역,37.59965507833753,126.77036688372684,37.6004,126.770752,1
70B,462,사우역.김포고,37.620901418235206,126.71654110367912,37.621138,126.717114,고촌역,37.60008412922263,126.77177666472078,37.6004,126.770752,1
70B,465,사우역.김포고,37.62192406366761,126.71726617611195,37.621138,126.717114,고촌역,37.600406857651116,126.77027001331575,37.6004,126.770752,1
70B,467,사우역.김포고,37.62128052732509,126.71764963146411,37.621138,126.717114,고촌역,37.60079909079617,126.77157997103279,37.6004,126.770752,1
70B,470,사우역.김포고,37.6218680272046,126.71748540998445,37.621138,126.717114,고촌역,37.601061068996714,126.77025189263925,37.6004,126.770752,1
70B,472,사우역.김포고,37.620813840555925,126.71811439779097,37.621138,126.717114,고촌역,37.60048900396234,126.76981011046387,37.6004,126.770752,1
70B,475,사우역.김포고,37.621727260488306,126.71772781901284,37.621138,126.717114,고촌역,37.601060542558066,126.7701951673324,37.6004,126.770752,1
70B,477,사우역.김포고,37.620655883997635,126.71799463254564,37.621138,126.717114,고촌역,37.60046940223496,126.77010627618085,37.6004,126.770752,1
70B,480,사우역.김포고,37.62142067312879,126.71737988072077,37.621138,126.717114,고촌역,37.60107964791686,126.77001967157037,37.6004,126.770752,1
70B,390,사우역.김포고,37.62141149487767,126.71801955128088,37.621138,126.717114,개화역광역환승센터,37.578067157703515,126.79745980910052,37.578385,126.797538,1
70B,397,사우역.김포고,37.62065076962104,126.71621607019641,37.621138,126.717114,개화역광역환승센터,37.57834891378689,126.79710303875461,37.578385,126.797538,1
70B,405,사우역.김포고,37.6203696861576,126.71669875482318,37.621138,126.717114,개화역광역환승센터,37.5789523606724,126.79676186245594,37.578385,126.797538,1
70B,412,사우역.김포고,37.62146450204941,126.716267048154,37.621138,126.717114,개화역광역환승센터,37.57791811383554,126.79708931300553,37.578385,126.797538,1
70B,420,사우역.김포고,37.62146084099161,126.71611056880995,37.621138,126.717114,개화역광역환승센터,37.5778723225586,126.79788807932337,37.578385,126.797538,1
70B,427,사우역.김포고,37.62094391732838,126.71669759933205,37.621138,126.717114,개화역광역환승센터,37.57905119093245,126.79773976546448,37.578385,126.797538,1
70B,435,사우역.김포고,37.620534775976495,126.71727789842815,37.621138,126.717114,개화역광역환승센터,37.57776395603253,126.79792617452092,37.578385,126.797538,1
70B,442,사우역.김포고,37.620457117955404,126.71731332609662,37.621138,126.717114,개화역광역환승센터,37.57912787298406,126.7973020981671,37.578385,126.797538,1
70B,450,사우역.김포고,37.6202695323622,126.71692611658999,37.621138,126.717114,개화역광역환승센터,37.57849969183745,126.79664782272553,37.578385,126.797538,1
70B,457,사우역.김포고,37.62039879757923,126.71729495485174,37.621138,126.717114,개화역광역환승센터,37.578469064529116,126.79733007336306,37.578385,126.797538,1
70B,465,사우역.김포고,37.62089771214465,126.71732470563164,37.621138,126.717114,개화역광역환승센터,37.57909266766661,126.79686495580526,37.578385,126.797538,1
70B,472,사우역.김포고,37.62091604382738,126.71669366772115,37.621138,126.717114,개화역광역환승센터,37.57842890054525,126.79651624478242,37.578385,126.797538,1
70B,480,사우역.김포고,37.62071594515183,126.71701497695459,37.621138,126.717114,개화역광역환승센터,37.579198358434944,126.7970648856894,37.578385,126.797538,1
70B,390,사우역.김포고,37.62080095471085,126.71751259424755,37.621138,126.717114,롯데몰.김포공항역,37.56209002355307,126.80280009891827,37.56234,126.803093,1
70B,397,사우역.김포고,37.62163290905438,126.71677351078245,37.621138,126.717114,롯데몰.김포공항역,37.5617797771991,126.80347867925269,37.56234,126.803093,1
70B,405,사우역.김포고,37.621463732475725,126.71633294145036,37.621138,126.717114,롯데몰.김포공항역,37.56216077097223,126.8029280517709,37.56234,126.803093,1
70B,412,사우역.김포고,37.62053656877898,126.71649428845916,37.621138,126.717114,롯데몰.김포공항역,37.56211678960977,126.80411450490669,37.56234,126.803093,1
70B,420,사우역.김포고,37.620257649534686,126.71726545138891,37.621138,126.717114,롯데몰.김포공항역,37.56318899052516,126.80340264712832,37.56234,126.803093,1
70B,427,사우역.김포고,37.6213179373127,126.71743434105937,37.621138,126.717114,롯데몰.김포공항역,37.56292425659703,126.80228590869288,37.56234,126.803093,1
70B,435,사우역.김포고,37.62128237750043,126.71640195473606,37.621138,126.717114,롯데몰.김포공항역,37.56219215480987,126.80198074879983,37.56234,126.803093,1
70B,442,사우역.김포고,37.62144135178715,126.71801141416566,37.621138,126.717114,롯데몰.김포공항역,37.56269224769632,126.80345656200274,37.56234,126.803093,1
70B,450,사우역.김포고,37.6209658201761,126.71600322938735,37.621138,126.717114,롯데몰.김포공항역,37.56194208149318,126.8028342296439,37.56234,126.803093,1
70B,457,사우역.김포고,37.62100404877522,126.71792718082591,37.621138,126.717114,롯데몰.김포공항역,37.56164101754829,126.80372946742483,37.56234,126.803093,1
70B,465,사우역.김포고,37.62193859632264,126.71681871923754,37.621138,126.717114,롯데몰.김포공항역,37.561767222200814,126.80267527885286,37.56234,126.803093,1
70B,472,사우역.김포고,37.62098323489067,126.71786150980687,37.621138,126.717114,롯데몰.김포공항역,37.56312459993006,126.80293830140792,37.56234,126.803093,1
70B,480,사우역.김포고,37.62075459297899,126.71739845072923,37.621138,126.717114,롯데몰.김포공항역,37.561618367166936,126.80364795187592,37.56234,126.803093,1
70B,390,고촌역,37.6009824499102,126.77033170163062,37.6004,126.770752,개화역광역환승센터,37.57900540987087,126.79681999985249,37.578385,126.797538,1
70B,397,고촌역,37.600150689049606,126.77106616813347,37.6004,126.770752,개화역광역환승센터,37.57877171858464,126.79849167137633,37.578385,126.797538,1
70B,405,고촌역,37.60036203528539,126.77126313149513,37.6004,126.770752,개화역광역환승센터,37.57860700239006,126.79848729361139,37.578385,126.797538,1
70B,412,고촌역,37.601256656072245,126.77041446364292,37.6004,126.770752,개화역광역환승센터,37.57867917155989,126.79824381085372,37.578385,126.797538,1
70B,420,고촌역,37.59977674545222,126.77156726217689,37.6004,126.770752,개화역광역환승센터,37.577614162795335,126.79779569547846,37.578385,126.797538,1
70B,427,고촌역,37.60079359564801,126.77056699102424,37.6004,126.770752,개화역광역환승센터,37.577794928012665,126.79714180200263,37.578385,126.797538,1
70B,435,고촌역,37.601177772771834,126.77106656958809,37.6004,126.770752,개화역광역환승센터,37.577958938792136,126.79690606143282,37.578385,126.797538,1
70B,442,고촌역,37.60058412784402,126.7698622236988,37.6004,126.770752,개화역광역환승센터,37.578347489811435,126.79779522577259,37.578385,126.797538,1
70B,450,고촌역,37.60070495212405,126.76987734150545,37.6004,126.770752,개화역광역환승센터,37.578561017552175,126.7982108214648,37.578385,126.797538,1
70B,457,고촌역,37.600700879042414,126.77050096350075,37.6004,126.770752,개화역광역환승센터,37.57797388404709,126.79709614828965,37.578385,126.797538,1
70B,465,고촌역,37.59963262063936,126.77071139205721,37.6004,126.770752,개화역광역환승센터,37.57863623955908,126.79666034927412,37.578385,126.797538,1
70B,472,고촌역,37.60103843948371,126.77001920000627,37.6004,126.770752,개화역광역환승센터,37.57867360519544,126.7969890224044,37.578385,126.797538,1
70B,480,고촌역,37.60019499385966,126.77040803740843,37.6004,126.770752,개화역광역환승센터,37.57800491510595,126.79738054410124,37.578385,126.797538,1
70B,390,고촌역,37.600247723009694,126.77131615072628,37.6004,126.770752,롯데몰.김포공항역,37.562063520136746,126.80317794666145,37.56234,126.803093,1
70B,394,고촌역,37.60113688125474,126.77043598407742,37.6004,126.770752,롯데몰.김포공항역,37.56229705214144,126.80216256124785,37.56234,126.803093,1
70B,399,고촌역,37.60066993634087,126.77008274100211,37.6004,126.770752,롯데몰.김포공항역,37.56280739233774,126.80365753359173,37.56234,126.803093,1
70B,404,고촌역,37.60099325523334,126.77097778809075,37.6004,126.770752,롯데몰.김포공항역,37.56240827197562,126.80234667808388,37.56234,126.803093,1
70B,408,고촌역,37.600584016923065,126.77039140857579,37.6004,126.770752,롯데몰.김포공항역,37.561786976605944,126.80370768482516,37.56234,126.803093,1
70B,413,고촌역,37.60007689348041,126.7713128224198,37.6004,126.770752,롯데몰.김포공항역,37.56294299154028,126.80277248731893,37.56234,126.803093,1
70B,418,고촌역,37.600625320057325,126.77030436468634,37.6004,126.770752,롯데몰.김포공항역,37.56271593713498,126.80410820345477,37.56234,126.803093,1
70B,423,고촌역,37.60058251136157,126.77164133883335,37.6004,126.770752,롯데몰.김포공항역,37.562719009790584,126.80367608280157,37.56234,126.803093,1
70B,427,고촌역,37.60058171153693,126.7706715522172,37.6004,126.770752,롯데몰.김포공항역,37.562389391748006,126.80323046860094,37.56234,126.803093,1
70B,432,고촌역,37.60114015701888,126.77027880709373,37.6004,126.770752,롯데몰.김포공항역,37.562233050012445,126.80271072317366,37.56234,126.803093,1
70B,437,고촌역,37.6010603377173,126.77104745288322,37.6004,126.770752,롯데몰.김포공항역,37.562474233656125,126.8029883155377,37.56234,126.803093,1
70B,442,고촌역,37.600167104247916,126.76982480192375,37.6004,126.770752,롯데몰.김포공항역,37.56259733439251,126.80396292219086,37.56234,126.803093,1
70B,446,고촌역,37.600062115790614,126.77015146709007,37.6004,126.770752,롯데몰.김포공항역,37.562357226028624,126.80411366771705,37.56234,126.803093,1
70B,451,고촌역,37.59983001842699,126.77142747927945,37.6004,126.770752,롯데몰.김포공항역,37.561789001387886,126.80282554079541,37.56234,126.803093,1
70B,456,고촌역,37.60103316183587,126.77134065547301,37.6004,126.770752,롯데몰.김포공항역,37.56232068347529,126.80406993857306,37.56234,126.803093,1
70B,461,고촌역,37.60086162862931,126.77119179049673,37.6004,126.770752,롯데몰.김포공항역,37.56237883692636,126.80200069775745,37.56234,126.803093,1
70B,465,고촌역,37.59991982779155,126.77093038155701,37.6004,126.770752,롯데몰.김포공항역,37.56147896782205,126.8032748906175,37.56234,126.803093,1
70B,470,고촌역,37.600767732116964,126.77131251433079,37.6004,126.770752,롯데몰.김포공항역,37.56248146626249,126.80285914060806,37.56234,126.803093,1
70B,475,고촌역,37.60006598665385,126.77095793400589,37.6004,126.770752,롯데몰.김포공항역,37.56196015160902,126.80394306678583,37.56234,126.803093,1
70B,480,고촌역,37.60023854927848,126.7714713951735,37.6004,126.770752,롯데몰.김포공항역,37.56146710890097,126.80292739957837,37.56234,126.803093,1
70B,390,개화역광역환승센터,37.579019231550866,126.79768254581165,37.578385,126.797538,롯데몰.김포공항역,37.56171941602695,126.80237422538255,37.56234,126.803093,1
70B,397,개화역광역환승센터,37.57913468435739,126.7971815146151,37.578385,126.797538,롯데몰.김포공항역,37.56155306740579,126.80272733576659,37.56234,126.803093,1
70B,405,개화역광역환승센터,37.577522455963205,126.79777304790242,37.578385,126.797538,롯데몰.김포공항역,37.562905634132925,126.8034852184646,37.56234,126.803093,1
70B,412,개화역광역환승센터,37.57821544494673,126.79774775190008,37.578385,126.797538,롯데몰.김포공항역,37.56150565089653,126.80289292559681,37.56234,126.803093,1
70B,420,개화역광역환승센터,37.577645371361406,126.79723905550694,37.578385,126.797538,롯데몰.김포공항역,37.56214497981103,126.80232150891322,37.56234,126.803093,1
70B,427,개화역광역환승센터,37.57867039801243,126.79851817884615,37.578385,126.797538,롯데몰.김포공항역,37.56262939902055,126.80347624770815,37.56234,126.803093,1
70B,435,개화역광역환승센터,37.57874161072369,126.79703492289579,37.578385,126.797538,롯데몰.김포공항역,37.563078221233916,126.80253155078952,37.56234,126.803093,1
70B,442,개화역광역환승센터,37.577870335165294,126.79696472174857,37.578385,126.797538,롯데몰.김포공항역,37.56151913859889,126.80276510968866,37.56234,126.803093,1
70B,450,개화역광역환승센터,37.577710875195855,126.79719074577719,37.578385,126.797538,롯데몰.김포공항역,37.56297046905858,126.80247202930833,37.56234,126.803093,1
70B,457,개화역광역환승센터,37.578948015893594,126.79674066991096,37.578385,126.797538,롯데몰.김포공항역,37.56166806195934,126.80352457170731,37.56234,126.803093,1
70B,465,개화역광역환승센터,37.578363242223965,126.79756413455401,37.578385,126.797538,롯데몰.김포공항역,37.56210453775918,126.80332106368701,37.56234,126.803093,1
70B,472,개화역광역환승센터,37.578725489738616,126.79715533576973,37.578385,126.797538,롯데몰.김포공항역,37.56300114538395,126.80254032814868,37.56234,126.803093,1
70B,480,개화역광역환승센터,37.57890130214867,126.7978451109562,37.578385,126.797538,롯데몰.김포공항역,37.56290517030214,126.80345808441876,37.56234,126.803093,1
