¾çÃÌ,±¸·¡,¸¶»ê,Àå±â,¿î¾ç,°ÉÆ÷ºÏº¯,»ç¿ì(±èÆ÷½ÃÃ»),Ç³¹«,°íÃÌ
5:26,5:28,5:31,5:29,5:32,5:36,5:39,5:41,5:46
5:37,5:40,5:43,5:35,5:38,5:42,5:45,5:47,5:52
5:45,5:48,5:51,5:47,5:49,5:54,5:56,5:59,6:03
5:53,5:56,5:59,5:55,5:57,6:02,6:04,6:07,6:11
6:01,6:04,6:07,6:03,6:05,6:10,6:12,6:15,6:19
6:09,6:12,6:15,6:11,6:13,6:18,6:20,6:23,6:27
6:19,6:17,6:20,6:19,6:21,6:26,6:28,6:31,6:35
6:27,6:22,6:25,6:24,6:26,6:31,6:33,6:36,6:40
6:30,6:26,6:29,6:29,6:31,6:36,6:38,6:41,6:45
6:33,6:30,6:33,6:33,6:35,6:40,6:42,6:45,6:49
6:39,6:33,6:36,6:37,6:39,6:44,6:46,6:49,6:53
6:43,6:36,6:39,6:40,6:43,6:47,6:49,6:52,6:56
6:46,6:39,6:42,6:43,6:46,6:50,6:53,6:55,7:00
6:52,6:42,6:45,6:46,6:49,6:53,6:56,6:58,7:03
6:55,6:45,6:49,6:49,6:52,6:56,6:59,7:01,7:06
6:58,6:48,6:52,6:52,6:55,6:59,7:02,7:04,7:09
7:04,6:52,6:55,6:56,6:58,7:02,7:05,7:07,7:12
7:08,6:55,6:58,6:59,7:01,7:05,7:08,7:11,7:15
7:14,6:58,7:01,7:02,7:04,7:09,7:11,7:14,7:18
7:20,7:01,7:04,7:05,7:07,7:12,7:14,7:17,7:21
9:00,7:04,7:07,7:08,7:11,7:15,7:18,7:20,7:24
9:12,7:07,7:10,7:11,7:14,7:18,7:21,7:23,7:28
9:24,7:10,7:13,7:14,7:17,7:21,7:24,7:26,7:31
9:42,7:13,7:17,7:17,7:20,7:24,7:27,7:29,7:34
9:54,7:16,7:20,7:20,7:23,7:27,7:30,7:32,7:37
10:06,7:20,7:23,7:24,7:26,7:30,7:33,7:35,7:40
10:24,7:23,7:26,7:27,7:29,7:33,7:36,7:39,7:43
10:42,7:26,7:29,7:30,7:32,7:37,7:39,7:42,7:46
11:00,7:29,7:32,7:33,7:35,7:40,7:42,7:45,7:49
11:18,7:32,7:35,7:36,7:39,7:43,7:46,7:48,7:53
11:36,7:35,7:38,7:39,7:42,7:46,7:49,7:51,7:56
11:54,7:38,7:42,7:42,7:45,7:49,7:52,7:54,7:59
12:12,7:41,7:45,7:45,7:48,7:52,7:55,7:57,8:02
12:30,7:45,7:48,7:49,7:51,7:55,7:58,8:00,8:05
12:48,7:48,7:51,7:52,7:54,7:58,8:01,8:04,8:08
13:06,7:51,7:54,7:55,7:57,8:01,8:04,8:07,8:11
13:24,7:54,7:57,7:58,8:00,8:05,8:07,8:10,8:14
13:42,7:57,8:00,8:01,8:04,8:08,8:10,8:13,8:17
14:00,8:00,8:03,8:04,8:07,8:11,8:14,8:16,8:21
14:18,8:03,8:06,8:07,8:10,8:14,8:17,8:19,8:24
14:36,8:06,8:10,8:10,8:13,8:17,8:20,8:22,8:27
14:54,8:09,8:13,8:13,8:16,8:20,8:23,8:25,8:30
15:12,8:13,8:16,8:17,8:19,8:23,8:26,8:28,8:33
15:30,8:16,8:19,8:20,8:22,8:26,8:29,8:32,8:36
15:48,8:19,8:22,8:23,8:25,8:30,8:32,8:35,8:39
16:06,8:22,8:25,8:26,8:28,8:33,8:35,8:38,8:42
16:24,8:26,8:29,8:29,8:32,8:36,8:39,8:41,8:45
16:41,8:31,8:34,8:33,8:35,8:40,8:42,8:45,8:49
16:49,8:36,8:39,8:38,8:40,8:45,8:47,8:50,8:54
16:53,8:41,8:44,8:43,8:45,8:50,8:52,8:55,8:59
16:57,8:46,8:49,8:48,8:50,8:55,8:57,9:00,9:04
17:05,8:51,8:54,8:53,8:55,9:00,9:02,9:05,9:09
17:09,8:57,9:00,8:58,9:00,9:05,9:07,9:10,9:14
17:16,9:03,9:06,9:04,9:06,9:11,9:13,9:16,9:20
17:23,9:09,9:12,9:10,9:12,9:17,9:19,9:22,9:26
17:26,9:15,9:18,9:16,9:18,9:23,9:25,9:28,9:32
17:30,9:21,9:24,9:22,9:24,9:29,9:31,9:34,9:38
17:37,9:27,9:30,9:28,9:30,9:35,9:37,9:40,9:44
17:44,9:33,9:36,9:34,9:36,9:41,9:43,9:46,9:50
17:51,9:39,9:42,9:40,9:42,9:47,9:49,9:52,9:56
17:58,9:45,9:48,9:46,9:48,9:53,9:55,9:58,10:02
18:05,9:51,9:54,9:52,9:54,9:59,10:01,10:04,10:08
18:15,9:57,10:00,9:58,10:00,10:05,10:07,10:10,10:14
18:26,10:03,10:06,10:04,10:06,10:11,10:13,10:16,10:20
18:36,10:09,10:12,10:10,10:12,10:17,10:19,10:22,10:26
18:47,10:15,10:18,10:16,10:18,10:23,10:25,10:28,10:32
18:57,10:21,10:24,10:22,10:24,10:29,10:31,10:34,10:38
19:05,10:27,10:30,10:28,10:30,10:35,10:37,10:40,10:44
19:21,10:33,10:36,10:34,10:36,10:41,10:43,10:46,10:50
19:31,10:39,10:42,10:40,10:42,10:47,10:49,10:52,10:56
19:46,10:45,10:48,10:46,10:48,10:53,10:55,10:58,11:02
20:01,10:51,10:54,10:52,10:54,10:59,11:01,11:04,11:08
20:16,10:57,11:00,10:58,11:00,11:05,11:07,11:10,11:14
20:31,11:03,11:06,11:04,11:06,11:11,11:13,11:16,11:20
20:48,11:09,11:12,11:10,11:12,11:16,11:19,11:21,11:26
21:06,11:15,11:18,11:16,11:18,11:22,11:25,11:27,11:32
21:18,11:21,11:24,11:22,11:24,11:28,11:31,11:33,11:38
21:30,11:27,11:30,11:28,11:30,11:34,11:37,11:39,11:44
21:42,11:33,11:36,11:34,11:36,11:40,11:43,11:45,11:50
22:00,11:39,11:42,11:40,11:42,11:46,11:49,11:51,11:56
22:18,11:45,11:48,11:46,11:48,11:52,11:55,11:57,12:02
22:37,11:51,11:54,11:52,11:54,11:58,12:01,12:03,12:08
22:58,11:57,12:00,11:58,12:00,12:04,12:07,12:09,12:14
23:19,12:03,12:06,12:04,12:06,12:10,12:13,12:15,12:20
23:34,12:09,12:12,12:10,12:12,12:16,12:19,12:21,12:26
23:53,12:15,12:18,12:16,12:18,12:22,12:25,12:27,12:32
24:15,12:21,12:24,12:22,12:24,12:28,12:31,12:33,12:38
24:26,12:27,12:30,12:28,12:30,12:34,12:37,12:39,12:44
,12:33,12:36,12:34,12:36,12:40,12:43,12:45,12:50
,12:39,12:42,12:40,12:42,12:46,12:49,12:51,12:56
,12:45,12:48,12:46,12:48,12:52,12:55,12:57,13:02
,12:51,12:54,12:52,12:54,12:58,13:01,13:03,13:08
,12:57,13:00,12:58,13:00,13:04,13:07,13:09,13:14
,13:03,13:06,13:04,13:06,13:10,13:13,13:15,13:20
,13:09,13:12,13:10,13:12,13:16,13:19,13:21,13:26
,13:15,13:18,13:16,13:18,13:22,13:25,13:27,13:32
,13:21,13:24,13:22,13:24,13:28,13:31,13:33,13:38
,13:27,13:30,13:28,13:30,13:34,13:37,13:39,13:44
,13:33,13:36,13:34,13:36,13:40,13:43,13:45,13:50
,13:39,13:42,13:40,13:42,13:46,13:49,13:51,13:56
,13:45,13:48,13:46,13:48,13:52,13:55,13:57,14:02
,13:51,13:54,13:52,13:54,13:58,14:01,14:03,14:08
,13:57,14:00,13:58,14:00,14:04,14:07,14:09,14:14
,14:03,14:06,14:04,14:06,14:10,14:13,14:15,14:20
,14:09,14:12,14:10,14:12,14:16,14:19,14:21,14:26
,14:15,14:18,14:16,14:18,14:22,14:25,14:27,14:32
,14:21,14:24,14:22,14:24,14:28,14:31,14:33,14:38
,14:27,14:30,14:28,14:30,14:34,14:37,14:39,14:44
,14:33,14:36,14:34,14:36,14:40,14:43,14:45,14:50
,14:39,14:42,14:40,14:42,14:46,14:49,14:51,14:56
,14:45,14:48,14:46,14:48,14:52,14:55,14:57,15:02
,14:51,14:54,14:52,14:54,14:58,15:01,15:03,15:08
,14:57,15:00,14:58,15:00,15:04,15:07,15:09,15:14
,15:03,15:06,15:04,15:06,15:10,15:13,15:15,15:20
,15:09,15:12,15:10,15:12,15:16,15:19,15:21,15:26
,15:15,15:18,15:16,15:18,15:22,15:25,15:27,15:32
,15:21,15:24,15:22,15:24,15:28,15:31,15:33,15:38
,15:27,15:30,15:28,15:30,15:34,15:37,15:39,15:44
,15:33,15:36,15:34,15:36,15:40,15:43,15:45,15:50
,15:39,15:42,15:40,15:42,15:46,15:49,15:51,15:56
,15:45,15:48,15:46,15:48,15:52,15:55,15:57,16:02
,15:51,15:54,15:52,15:54,15:58,16:01,16:03,16:08
,15:57,16:00,15:58,16:00,16:04,16:07,16:09,16:14
,16:03,16:06,16:04,16:06,16:10,16:13,16:15,16:20
,16:09,16:12,16:10,16:12,16:16,16:19,16:21,16:26
,16:15,16:18,16:16,16:18,16:22,16:25,16:27,16:32
,16:21,16:24,16:22,16:24,16:28,16:31,16:33,16:38
,16:27,16:30,16:28,16:30,16:34,16:37,16:39,16:44
,16:33,16:36,16:34,16:36,16:40,16:43,16:45,16:50
,16:39,16:42,16:40,16:42,16:46,16:49,16:51,16:56
,16:44,16:47,16:46,16:48,16:52,16:55,16:57,17:02
,16:48,16:51,16:51,16:53,16:57,17:00,17:02,17:07
,16:52,16:55,16:55,16:57,17:01,17:04,17:06,17:11
,16:56,16:59,16:59,17:01,17:05,17:08,17:10,17:15
,17:00,17:03,17:03,17:05,17:09,17:12,17:14,17:19
,17:04,17:07,17:07,17:09,17:14,17:16,17:19,17:23
,17:08,17:11,17:11,17:13,17:17,17:20,17:23,17:27
,17:11,17:14,17:15,17:17,17:21,17:24,17:27,17:31
,17:15,17:18,17:18,17:21,17:25,17:28,17:30,17:35
,17:18,17:21,17:22,17:24,17:28,17:31,17:34,17:38
,17:22,17:25,17:25,17:28,17:32,17:35,17:37,17:42
,17:25,17:28,17:29,17:31,17:35,17:38,17:41,17:45
,17:29,17:32,17:32,17:35,17:39,17:42,17:44,17:49
,17:32,17:35,17:36,17:38,17:42,17:45,17:48,17:52
,17:36,17:39,17:39,17:42,17:46,17:49,17:51,17:56
,17:39,17:42,17:43,17:45,17:49,17:52,17:55,17:59
,17:43,17:46,17:46,17:49,17:53,17:56,17:58,18:03
,17:46,17:49,17:50,17:52,17:56,17:59,18:02,18:06
,17:50,17:53,17:53,17:56,18:00,18:03,18:05,18:10
,17:53,17:56,17:57,17:59,18:03,18:06,18:09,18:13
,17:57,18:00,18:00,18:03,18:07,18:10,18:12,18:17
,18:00,18:03,18:04,18:06,18:10,18:13,18:16,18:20
,18:04,18:07,18:07,18:10,18:14,18:17,18:19,18:24
,18:07,18:10,18:11,18:13,18:17,18:20,18:23,18:27
,18:11,18:14,18:14,18:17,18:21,18:24,18:26,18:31
,18:14,18:17,18:18,18:20,18:24,18:27,18:30,18:34
,18:18,18:21,18:21,18:24,18:28,18:31,18:33,18:38
,18:21,18:24,18:25,18:27,18:31,18:34,18:37,18:41
,18:25,18:28,18:28,18:31,18:35,18:38,18:40,18:45
,18:28,18:31,18:32,18:34,18:38,18:41,18:44,18:48
,18:32,18:35,18:35,18:38,18:42,18:45,18:47,18:52
,18:35,18:38,18:39,18:41,18:45,18:48,18:51,18:55
,18:39,18:42,18:42,18:45,18:49,18:52,18:54,18:59
,18:42,18:45,18:46,18:48,18:52,18:55,18:58,19:02
,18:46,18:49,18:49,18:52,18:56,18:59,19:01,19:06
,18:49,18:52,18:53,18:55,18:59,19:02,19:05,19:09
,18:53,18:56,18:56,18:59,19:03,19:06,19:08,19:13
,18:56,18:59,19:00,19:02,19:06,19:09,19:12,19:16
,19:00,19:03,19:03,19:06,19:10,19:13,19:15,19:20
,19:04,19:07,19:07,19:09,19:13,19:16,19:19,19:23
,19:08,19:11,19:11,19:13,19:17,19:20,19:23,19:27
,19:12,19:15,19:15,19:17,19:21,19:24,19:27,19:31
,19:16,19:19,19:19,19:21,19:25,19:28,19:31,19:35
,19:20,19:23,19:23,19:25,19:29,19:32,19:35,19:39
,19:24,19:27,19:27,19:29,19:33,19:36,19:39,19:43
,19:29,19:32,19:31,19:33,19:37,19:40,19:43,19:47
,19:34,19:37,19:36,19:38,19:42,19:45,19:48,19:52
,19:39,19:42,19:41,19:43,19:47,19:50,19:53,19:57
,19:45,19:48,19:46,19:48,19:52,19:55,19:58,20:02
,19:49,19:52,19:52,19:54,19:58,20:01,20:04,20:08
,19:54,19:57,19:56,19:58,20:02,20:05,20:08,20:12
,19:59,20:02,20:01,20:03,20:07,20:10,20:13,20:17
,20:04,20:07,20:06,20:08,20:12,20:15,20:18,20:22
,20:09,20:12,20:11,20:13,20:17,20:20,20:23,20:27
,20:14,20:17,20:16,20:18,20:22,20:25,20:28,20:32
,20:19,20:22,20:21,20:23,20:27,20:30,20:33,20:37
,20:24,20:27,20:26,20:28,20:32,20:35,20:38,20:42
,20:29,20:32,20:31,20:33,20:37,20:40,20:43,20:47
,20:34,20:37,20:36,20:38,20:42,20:45,20:48,20:52
,20:39,20:42,20:41,20:43,20:47,20:50,20:53,20:57
,20:45,20:48,20:46,20:48,20:52,20:55,20:58,21:02
,20:51,20:54,20:52,20:54,20:58,21:01,21:04,21:08
,20:57,21:00,20:58,21:00,21:04,21:07,21:10,21:14
,21:03,21:06,21:04,21:06,21:10,21:13,21:16,21:20
,21:09,21:12,21:10,21:12,21:16,21:19,21:22,21:26
,21:15,21:18,21:16,21:18,21:22,21:25,21:28,21:32
,21:21,21:24,21:22,21:24,21:28,21:31,21:34,21:38
,21:27,21:30,21:28,21:30,21:34,21:37,21:40,21:44
,21:33,21:36,21:34,21:36,21:40,21:43,21:46,21:50
,21:39,21:42,21:40,21:42,21:46,21:49,21:52,21:56
,21:45,21:48,21:46,21:48,21:52,21:55,21:58,22:02
,21:51,21:54,21:52,21:54,21:58,22:01,22:04,22:08
,21:57,22:00,21:58,22:00,22:04,22:07,22:10,22:14
,22:03,22:06,22:04,22:06,22:10,22:13,22:16,22:20
,22:09,22:12,22:10,22:12,22:16,22:19,22:22,22:26
,22:15,22:18,22:16,22:18,22:22,22:25,22:28,22:32
,22:21,22:24,22:22,22:24,22:28,22:31,22:34,22:38
,22:27,22:30,22:28,22:30,22:34,22:37,22:40,22:44
,22:33,22:36,22:34,22:36,22:40,22:43,22:46,22:50
,22:40,22:43,22:40,22:42,22:46,22:49,22:52,22:56
,22:47,22:50,22:47,22:49,22:53,22:56,22:59,23:03
,22:54,22:57,22:54,22:56,23:00,23:03,23:06,23:10
,23:01,23:04,23:01,23:03,23:07,23:10,23:13,23:17
,23:08,23:11,23:08,23:10,23:14,23:17,23:20,23:24
,23:15,23:18,23:15,23:17,23:21,23:24,23:27,23:31
,23:22,23:25,23:22,23:24,23:28,23:31,23:34,23:38
,23:29,23:32,23:29,23:31,23:35,23:38,23:41,23:45
,23:37,23:40,23:36,23:38,23:42,23:45,23:48,23:52
,23:46,23:49,23:44,23:46,23:50,23:53,23:56,24:00
,23:56,23:59,23:53,23:55,23:59,24:02,24:05,24:09
,24:07,24:10,24:03,24:05,24:09,24:12,24:15,24:19
,24:18,24:21,24:14,24:16,24:20,24:23,24:26,24:30
,24:29,24:32,24:25,24:27,24:31,24:34,24:37,24:41
,,,24:36,24:38,24:42,24:45,24:48,24:52
