±èÆ÷°øÇ×,°íÃÌ,Ç³¹«,»ç¿ì(±èÆ÷½ÃÃ»),°ÉÆ÷ºÏº¯,¿î¾ç,Àå±â,¸¶»ê,±¸·¡
5:30,5:37,5:41,5:44,5:46,5:51,5:53,5:57,6:01
5:40,5:47,5:51,5:54,5:57,6:01,6:03,6:07,6:30
5:50,5:57,6:01,6:04,6:07,6:11,6:13,6:17,6:54
5:59,6:06,6:10,6:13,6:16,6:20,6:22,6:26,8:31
6:07,6:14,6:18,6:21,6:24,6:28,6:30,6:34,8:37
6:15,6:22,6:26,6:29,6:32,6:36,6:38,6:42,8:49
6:23,6:30,6:34,6:37,6:40,6:44,6:46,6:50,8:53
6:31,6:38,6:42,6:45,6:48,6:52,6:54,6:58,8:59
6:39,6:46,6:50,6:53,6:56,7:00,7:02,7:06,9:02
6:46,6:53,6:57,7:00,7:03,7:07,7:09,7:13,9:08
6:51,6:58,7:02,7:05,7:08,7:12,7:14,7:18,9:11
6:56,7:03,7:07,7:10,7:13,7:17,7:19,7:23,9:14
7:00,7:07,7:11,7:14,7:17,7:21,7:23,7:27,9:21
7:03,7:10,7:15,7:17,7:20,7:24,7:27,7:31,9:24
7:06,7:13,7:18,7:20,7:23,7:27,7:30,7:34,9:31
7:10,7:17,7:21,7:24,7:26,7:31,7:33,7:37,9:46
7:13,7:20,7:24,7:27,7:30,7:34,7:36,7:40,9:51
7:16,7:23,7:28,7:30,7:33,7:37,7:39,7:44,9:56
7:19,7:26,7:31,7:33,7:36,7:40,7:43,7:47,10:14
7:22,7:29,7:34,7:36,7:39,7:43,7:46,7:50,10:32
7:25,7:32,7:37,7:39,7:42,7:46,7:49,7:53,10:50
7:28,7:35,7:40,7:42,7:45,7:49,7:52,7:56,11:08
7:31,7:38,7:43,7:45,7:48,7:52,7:55,7:59,11:26
7:35,7:42,7:46,7:49,7:51,7:56,7:58,8:02,11:44
7:38,7:45,7:49,7:52,7:54,7:59,8:01,8:05,12:02
7:41,7:48,7:52,7:55,7:58,8:02,8:04,8:08,12:20
7:44,7:51,7:56,7:58,8:01,8:05,8:08,8:12,12:38
7:47,7:54,7:59,8:01,8:04,8:08,8:11,8:15,12:56
7:50,7:57,8:02,8:04,8:07,8:11,8:14,8:18,13:14
7:53,8:00,8:05,8:07,8:10,8:14,8:17,8:21,13:32
7:56,8:03,8:08,8:10,8:13,8:17,8:20,8:24,13:50
7:59,8:06,8:11,8:13,8:16,8:20,8:23,8:27,14:08
8:03,8:10,8:14,8:17,8:19,8:24,8:26,8:30,14:26
8:06,8:13,8:17,8:20,8:23,8:27,8:29,8:33,14:44
8:09,8:16,8:20,8:23,8:26,8:30,8:32,8:37,15:02
8:12,8:19,8:24,8:26,8:29,8:33,8:36,8:40,15:20
8:15,8:22,8:27,8:29,8:32,8:36,8:39,8:43,15:38
8:18,8:25,8:30,8:32,8:35,8:39,8:42,8:46,15:56
8:21,8:28,8:33,8:35,8:38,8:42,8:45,8:49,16:14
8:24,8:31,8:36,8:38,8:41,8:45,8:48,8:52,16:32
8:27,8:35,8:39,8:42,8:44,8:49,8:51,8:55,16:50
8:31,8:38,8:42,8:45,8:47,8:52,8:54,8:58,17:02
8:34,8:41,8:45,8:48,8:51,8:55,8:57,9:01,17:08
8:37,8:44,8:49,8:51,8:54,8:58,9:01,9:05,17:26
8:40,8:47,8:52,8:54,8:57,9:01,9:04,9:08,17:44
8:43,8:50,8:55,8:57,9:00,9:04,9:07,9:11,17:57
8:46,8:53,8:58,9:00,9:03,9:07,9:10,9:14,18:08
8:49,8:56,9:01,9:03,9:06,9:10,9:13,9:17,18:19
8:52,8:59,9:04,9:06,9:09,9:13,9:16,9:20,18:29
8:56,9:03,9:07,9:10,9:12,9:17,9:19,9:23,18:40
9:00,9:07,9:11,9:14,9:17,9:21,9:23,9:27,18:50
9:05,9:12,9:16,9:19,9:22,9:26,9:28,9:32,18:57
9:10,9:17,9:21,9:24,9:27,9:31,9:33,9:37,19:04
9:15,9:22,9:26,9:29,9:32,9:36,9:38,9:42,19:11
9:20,9:27,9:31,9:34,9:37,9:41,9:43,9:47,19:22
9:25,9:32,9:36,9:39,9:42,9:46,9:48,9:52,19:29
9:31,9:38,9:42,9:45,9:48,9:52,9:54,9:58,19:36
9:37,9:44,9:48,9:51,9:54,9:58,10:00,10:04,19:43
9:43,9:50,9:54,9:57,10:00,10:04,10:06,10:10,19:46
9:49,9:56,10:00,10:03,10:06,10:10,10:12,10:16,19:53
9:55,10:02,10:06,10:09,10:12,10:16,10:18,10:22,20:00
10:01,10:08,10:12,10:15,10:18,10:22,10:24,10:28,20:08
10:07,10:14,10:18,10:21,10:24,10:28,10:30,10:34,20:21
10:13,10:20,10:24,10:27,10:30,10:34,10:36,10:40,20:36
10:19,10:26,10:30,10:33,10:36,10:40,10:42,10:46,20:46
10:25,10:32,10:36,10:39,10:42,10:46,10:48,10:52,20:56
10:31,10:38,10:42,10:45,10:48,10:52,10:54,10:58,21:06
10:37,10:44,10:48,10:51,10:54,10:58,11:00,11:04,21:16
10:43,10:50,10:54,10:57,11:00,11:04,11:06,11:10,21:21
10:49,10:56,11:00,11:03,11:06,11:10,11:12,11:16,21:36
10:55,11:02,11:06,11:09,11:12,11:16,11:18,11:22,21:41
11:01,11:08,11:12,11:15,11:17,11:22,11:24,11:28,21:51
11:07,11:14,11:18,11:21,11:23,11:28,11:30,11:34,22:08
11:13,11:20,11:24,11:27,11:29,11:34,11:36,11:40,22:26
11:19,11:26,11:30,11:33,11:35,11:40,11:42,11:46,22:44
11:25,11:32,11:36,11:39,11:41,11:46,11:48,11:52,22:56
11:31,11:38,11:42,11:45,11:47,11:52,11:54,11:58,23:08
11:37,11:44,11:48,11:51,11:53,11:58,12:00,12:04,23:26
11:43,11:50,11:54,11:57,11:59,12:04,12:06,12:10,23:32
11:49,11:56,12:00,12:03,12:05,12:10,12:12,12:16,23:45
11:55,12:02,12:06,12:09,12:11,12:16,12:18,12:22,23:52
12:01,12:08,12:12,12:15,12:17,12:22,12:24,12:28,24:06
12:07,12:14,12:18,12:21,12:23,12:28,12:30,12:34,24:13
12:13,12:20,12:24,12:27,12:29,12:34,12:36,12:40,24:20
12:19,12:26,12:30,12:33,12:35,12:40,12:42,12:46,24:27
12:25,12:32,12:36,12:39,12:41,12:46,12:48,12:52,24:34
12:31,12:38,12:42,12:45,12:47,12:52,12:54,12:58,24:42
12:37,12:44,12:48,12:51,12:53,12:58,13:00,13:04,24:50
12:43,12:50,12:54,12:57,12:59,13:04,13:06,13:10,25:00
12:49,12:56,13:00,13:03,13:05,13:10,13:12,13:16,
12:55,13:02,13:06,13:09,13:11,13:16,13:18,13:22,
13:01,13:08,13:12,13:15,13:17,13:22,13:24,13:28,
13:07,13:14,13:18,13:21,13:23,13:28,13:30,13:34,
13:13,13:20,13:24,13:27,13:29,13:34,13:36,13:40,
13:19,13:26,13:30,13:33,13:35,13:40,13:42,13:46,
13:25,13:32,13:36,13:39,13:41,13:46,13:48,13:52,
13:31,13:38,13:42,13:45,13:47,13:52,13:54,13:58,
13:37,13:44,13:48,13:51,13:53,13:58,14:00,14:04,
13:43,13:50,13:54,13:57,13:59,14:04,14:06,14:10,
13:49,13:56,14:00,14:03,14:05,14:10,14:12,14:16,
13:55,14:02,14:06,14:09,14:11,14:16,14:18,14:22,
14:01,14:08,14:12,14:15,14:17,14:22,14:24,14:28,
14:07,14:14,14:18,14:21,14:23,14:28,14:30,14:34,
14:13,14:20,14:24,14:27,14:29,14:34,14:36,14:40,
14:19,14:26,14:30,14:33,14:35,14:40,14:42,14:46,
14:25,14:32,14:36,14:39,14:41,14:46,14:48,14:52,
14:31,14:38,14:42,14:45,14:47,14:52,14:54,14:58,
14:37,14:44,14:48,14:51,14:53,14:58,15:00,15:04,
14:43,14:50,14:54,14:57,14:59,15:04,15:06,15:10,
14:49,14:56,15:00,15:03,15:05,15:10,15:12,15:16,
14:55,15:02,15:06,15:09,15:11,15:16,15:18,15:22,
15:01,15:08,15:12,15:15,15:17,15:22,15:24,15:28,
15:07,15:14,15:18,15:21,15:23,15:28,15:30,15:34,
15:13,15:20,15:24,15:27,15:29,15:34,15:36,15:40,
15:19,15:26,15:30,15:33,15:35,15:40,15:42,15:46,
15:25,15:32,15:36,15:39,15:41,15:46,15:48,15:52,
15:31,15:38,15:42,15:45,15:47,15:52,15:54,15:58,
15:37,15:44,15:48,15:51,15:53,15:58,16:00,16:04,
15:43,15:50,15:54,15:57,15:59,16:04,16:06,16:10,
15:49,15:56,16:00,16:03,16:05,16:10,16:12,16:16,
15:55,16:02,16:06,16:09,16:11,16:16,16:18,16:22,
16:01,16:08,16:12,16:15,16:17,16:22,16:24,16:28,
16:07,16:14,16:18,16:21,16:23,16:28,16:30,16:34,
16:13,16:20,16:24,16:27,16:29,16:34,16:36,16:40,
16:19,16:26,16:30,16:33,16:35,16:40,16:42,16:46,
16:25,16:32,16:36,16:39,16:41,16:46,16:48,16:52,
16:31,16:38,16:42,16:45,16:47,16:52,16:54,16:58,
16:37,16:44,16:48,16:51,16:53,16:58,17:00,17:04,
16:43,16:50,16:54,16:57,16:59,17:04,17:06,17:10,
16:49,16:56,17:00,17:03,17:05,17:10,17:12,17:16,
16:55,17:02,17:06,17:09,17:11,17:16,17:18,17:22,
17:01,17:08,17:12,17:15,17:17,17:22,17:24,17:28,
17:07,17:14,17:18,17:21,17:23,17:28,17:30,17:34,
17:13,17:20,17:24,17:27,17:29,17:34,17:36,17:40,
17:18,17:25,17:29,17:32,17:34,17:39,17:41,17:45,
17:22,17:29,17:33,17:36,17:38,17:43,17:45,17:49,
17:26,17:33,17:37,17:40,17:42,17:47,17:49,17:53,
17:30,17:37,17:41,17:44,17:46,17:51,17:53,17:57,
17:34,17:41,17:45,17:48,17:50,17:55,17:57,18:01,
17:37,17:44,17:49,17:51,17:54,17:58,18:01,18:05,
17:41,17:48,17:52,17:55,17:57,18:02,18:04,18:08,
17:44,17:51,17:56,17:58,18:01,18:05,18:08,18:12,
17:48,17:55,17:59,18:02,18:04,18:09,18:11,18:15,
17:51,17:58,18:03,18:05,18:08,18:12,18:15,18:19,
17:55,18:02,18:06,18:09,18:11,18:16,18:18,18:22,
17:58,18:05,18:10,18:12,18:15,18:19,18:22,18:26,
18:02,18:09,18:13,18:16,18:18,18:23,18:25,18:29,
18:05,18:12,18:17,18:19,18:22,18:26,18:29,18:33,
18:09,18:16,18:20,18:23,18:25,18:30,18:32,18:36,
18:12,18:19,18:24,18:26,18:29,18:33,18:36,18:40,
18:16,18:23,18:27,18:30,18:32,18:37,18:39,18:43,
18:19,18:26,18:31,18:33,18:36,18:40,18:43,18:47,
18:23,18:30,18:34,18:37,18:39,18:44,18:46,18:50,
18:26,18:33,18:38,18:40,18:43,18:47,18:50,18:54,
18:30,18:37,18:41,18:44,18:46,18:51,18:53,18:57,
18:33,18:40,18:45,18:47,18:50,18:54,18:57,19:01,
18:37,18:44,18:48,18:51,18:53,18:58,19:00,19:04,
18:40,18:47,18:52,18:54,18:57,19:01,19:04,19:08,
18:44,18:51,18:55,18:58,19:00,19:05,19:07,19:11,
18:47,18:54,18:59,19:01,19:04,19:08,19:11,19:15,
18:51,18:58,19:02,19:05,19:07,19:12,19:14,19:18,
18:54,19:01,19:06,19:08,19:11,19:15,19:18,19:22,
18:58,19:05,19:09,19:12,19:14,19:19,19:21,19:25,
19:01,19:08,19:13,19:15,19:18,19:22,19:25,19:29,
19:05,19:12,19:16,19:19,19:21,19:26,19:28,19:32,
19:08,19:15,19:20,19:22,19:25,19:29,19:32,19:36,
19:12,19:19,19:23,19:26,19:28,19:33,19:35,19:39,
19:15,19:22,19:27,19:29,19:32,19:36,19:39,19:43,
19:19,19:26,19:30,19:33,19:35,19:40,19:42,19:46,
19:22,19:29,19:34,19:36,19:39,19:43,19:46,19:50,
19:26,19:33,19:37,19:40,19:42,19:47,19:49,19:53,
19:29,19:36,19:41,19:43,19:46,19:50,19:53,19:57,
19:33,19:40,19:44,19:47,19:49,19:54,19:56,20:00,
19:37,19:44,19:48,19:51,19:53,19:58,20:00,20:04,
19:41,19:48,19:52,19:55,19:57,20:02,20:04,20:08,
19:45,19:52,19:56,19:59,20:01,20:06,20:08,20:12,
19:50,19:57,20:01,20:04,20:06,20:11,20:13,20:17,
19:55,20:02,20:06,20:09,20:11,20:16,20:18,20:22,
20:00,20:07,20:11,20:14,20:16,20:21,20:23,20:27,
20:05,20:12,20:16,20:19,20:21,20:26,20:28,20:32,
20:10,20:17,20:21,20:24,20:26,20:31,20:33,20:37,
20:15,20:22,20:26,20:29,20:31,20:36,20:38,20:42,
20:20,20:27,20:31,20:34,20:36,20:41,20:43,20:47,
20:25,20:32,20:36,20:39,20:41,20:46,20:48,20:52,
20:30,20:37,20:41,20:44,20:46,20:51,20:53,20:57,
20:35,20:42,20:46,20:49,20:51,20:56,20:58,21:02,
20:40,20:47,20:51,20:54,20:56,21:01,21:03,21:07,
20:45,20:52,20:56,20:59,21:01,21:06,21:08,21:12,
20:50,20:57,21:01,21:04,21:06,21:11,21:13,21:17,
20:55,21:02,21:06,21:09,21:11,21:16,21:18,21:22,
21:00,21:07,21:11,21:14,21:16,21:21,21:23,21:27,
21:05,21:12,21:16,21:19,21:21,21:26,21:28,21:32,
21:10,21:17,21:21,21:24,21:26,21:31,21:33,21:37,
21:15,21:22,21:26,21:29,21:31,21:36,21:38,21:42,
21:20,21:27,21:31,21:34,21:36,21:41,21:43,21:47,
21:25,21:32,21:36,21:39,21:41,21:46,21:48,21:52,
21:31,21:38,21:42,21:45,21:47,21:52,21:54,21:58,
21:37,21:44,21:48,21:51,21:53,21:58,22:00,22:04,
21:43,21:50,21:54,21:57,21:59,22:04,22:06,22:10,
21:49,21:56,22:00,22:03,22:05,22:10,22:12,22:16,
21:55,22:02,22:06,22:09,22:11,22:16,22:18,22:22,
22:01,22:08,22:12,22:15,22:17,22:22,22:24,22:28,
22:07,22:14,22:18,22:21,22:23,22:28,22:30,22:34,
22:13,22:20,22:24,22:27,22:29,22:34,22:36,22:40,
22:19,22:26,22:30,22:33,22:35,22:40,22:42,22:46,
22:25,22:32,22:36,22:39,22:41,22:46,22:48,22:52,
22:31,22:38,22:42,22:45,22:47,22:52,22:54,22:58,
22:37,22:44,22:48,22:51,22:53,22:58,23:00,23:04,
22:43,22:50,22:54,22:57,22:59,23:04,23:06,23:10,
22:49,22:56,23:00,23:03,23:05,23:10,23:12,23:16,
22:55,23:02,23:06,23:09,23:11,23:16,23:18,23:22,
23:01,23:08,23:12,23:15,23:17,23:22,23:24,23:28,
23:07,23:14,23:18,23:21,23:23,23:28,23:30,23:34,
23:14,23:21,23:25,23:28,23:30,23:35,23:37,23:41,
23:21,23:28,23:32,23:35,23:37,23:42,23:44,23:48,
23:28,23:35,23:39,23:42,23:44,23:49,23:51,23:55,
23:35,23:42,23:46,23:49,23:51,23:56,23:58,24:02,
23:42,23:49,23:53,23:56,23:58,24:03,24:05,24:09,
23:49,23:56,24:00,24:03,24:05,24:10,24:12,24:16,
23:56,24:03,24:07,24:10,24:12,24:17,24:19,24:23,
24:03,24:10,24:14,24:17,24:19,24:24,24:26,24:30,
24:11,24:18,24:22,24:25,24:27,24:32,24:34,24:38,
24:19,24:26,24:30,24:33,24:35,24:40,24:42,24:46,
24:29,24:36,24:40,24:43,24:45,24:50,24:52,24:56,
